titleId	conceptId	name	contentId	region	publisherId
PPSA01286_00	10000176	Returnal	JP9000-PPSA01286_00-RETURNAL00000000	JP	JP9000
PPSA01291_00	10000177	Sackboy™: A Big Adventure	JP9000-PPSA01291_00-SACKBOYADVENTURE	JP	JP9000
PPSA01315_00	10000956	グランツーリスモ® 7	JP9001-PPSA01315_00-GRANTURISMO70000	JP	JP9001
PPSA01339_00	10000368	Demon's Souls	JP9000-PPSA01339_00-DEMONSSOULS00000	JP	JP9000
PPSA01395_00	10000593	GoonyaFighter JigglyHapticEdition	JP0041-PPSA01395_00-1164235001325777	JP	JP0041
PPSA01401_00	203897	Tom Clancy's Rainbow Six® Siege	JP0001-PPSA01401_00-RAINBOWSIXSIEGE0	JP	JP0001
PPSA01418_00	10000649	Marvel's Spider-Man: Miles Morales	JP9000-PPSA01418_00-MARVELSMSMORALES	JP	JP9000
PPSA01424_00	10000684	DEATHVERSE: LET IT DIE	JP0747-PPSA01424_00-EAGAPP0000000000	JP	JP0747
PPSA01444_00	227315	Devil May Cry 5 Special Edition	JP0102-PPSA01444_00-DMC5000000000001	JP	JP0102
PPSA01471_00	10000762	Marvel's Spider-Man Remastered	JP9000-PPSA01471_00-MARVELSSPIDERMAN	JP	JP9000
PPSA01475_00	10000669	Ratchet & Clank: Rift Apart	JP9000-PPSA01475_00-RATCHETCLANKRIFT	JP	JP9000
PPSA01489_00	232581	Watch Dogs®: Legion	JP0001-PPSA01489_00-ORWFULLGAME00000	JP	JP0001
PPSA01499_00	10000846	FORSPOKEN	JP0082-PPSA01499_00-ATHIA00000000000	JP	JP0082
PPSA01504_00	10000237	Assassin's Creed® Valhalla	JP0001-PPSA01504_00-GAME000000000000	JP	JP0001
PPSA01508_00	234423	Immortals Fenyx Rising ™	JP0001-PPSA01508_00-GAME000000000000	JP	JP0001
PPSA01519_00	233592	トム クランシー レインボーシックス エクストラクション	JP0001-PPSA01519_00-R6EXTRACTION0000	JP	JP0001
PPSA01530_00	10000431	Puyo Puyo™ Tetris® 2	JP0177-PPSA01530_00-TENPEXTENPEX0000	JP	JP0177
PPSA01539_00	10000854	Bugsnax	JP1511-PPSA01539_00-BSNAX27592500802	JP	JP1511
PPSA01558_00	235235	BIOHAZARD VILLAGE	JP0102-PPSA01558_00-VILLAGEFULLGAMEX	JP	JP0102
PPSA01560_00	235235	BIOHAZARD VILLAGE Z Version	JP0102-PPSA01560_00-VILLAGEFULLGAMEX	JP	JP0102
PPSA01563_00	10000983	Haven	JP1072-PPSA01563_00-3195610269641229	JP	JP1072
PPSA01565_00	10000719	Go!Go!5次元GAME ネプテューヌ re★Verse	JP0031-PPSA01565_00-GOGOGOJIGENNEPR1	JP	JP0031
PPSA01580_00	10000952	たべごろ！スーパーモンキーボール 1&2リメイク	JP0177-PPSA01580_00-FLASH20000000005	JP	JP0177
PPSA01594_00	10000459	ライダーズ リパブリック™	JP0001-PPSA01594_00-MADGAMESCEJ00000	JP	JP0001
PPSA01624_00	10001095	EXOPRIMAL		JP	JP0102
PPSA01633_00	234843	Marvel's Avengers	JP0082-PPSA01633_00-0693018462085073	JP	JP0082
PPSA01637_00	228744	FINAL FANTASY VII REMAKE	JP0082-PPSA01637_00-7462776201452750	JP	JP0082
PPSA01658_00	231363	MOBILE SUIT GUNDAM BATTLE OPERATION 2	JP0700-PPSA01658_00-BO2PS50000000000	JP	JP0700
PPSA01678_00	10000368	Demon's Souls Original Soundtrack	JP9000-PPSA01678_00-DEMONSSOULSMUSIC	JP	JP9000
PPSA01745_00	10001302	ジョジョの奇妙な冒険 オールスターバトル R	JP0700-PPSA01745_00-JASBRMAINGAME000	JP	JP0700
PPSA01752_00	234665	マーベル ガーディアンズ・オブ・ギャラクシー	JP0082-PPSA01752_00-DXM0000000000001	JP	JP0082
PPSA01756_00	10001026	JETT: 彼方の岸	JP2390-PPSA01756_00-8430935359770657	JP	JP2390
PPSA01760_00	234859	Relayer	JP0117-PPSA01760_00-RELAYERGAME00000	JP	JP0117
PPSA01776_00	235097	SCARLET NEXUS	JP0700-PPSA01776_00-SCRLTNXS00000000	JP	JP0700
PPSA01780_00	227401	OUTRIDERS	JP0082-PPSA01780_00-3240586667901361	JP	JP0082
PPSA01783_00	10001083	Apple TV	JP6285-PPSA01783_00-2854341004790679	JP	JP6285
PPSA01785_00	235097	SCARLET NEXUS Demo Edition	JP0700-PPSA01785_00-SCRLTNXSTRIAL000	JP	JP0700
PPSA01786_00	10000894	THE KING OF FIGHTERS XV	JP0576-PPSA01786_00-KINGOFFIGHTERS15	JP	JP0576
PPSA01810_00	10000177	リビッツ！ビッグ・アドベンチャー 嵐の予感	JP9000-PPSA01810_00-SACKBOYCOMIC0001	JP	JP9000
PPSA01815_00	10000177	リビッツ！ビッグ・アドベンチャー ボーナスコンテンツ	JP9000-PPSA01815_00-SACKBOYBONUS0001	JP	JP9000
PPSA01820_00	10001127	CCGT1	JP8905-PPSA01820_00-HWRL000000000000	JP	JP8905
PPSA01822_00	10001407	真・三國無双８ Empires	JP0106-PPSA01822_00-HORNETMASTER0000	JP	JP0106
PPSA01827_00	233096	The Pathless	JP2517-PPSA01827_00-PATHLESSSIEJ0000	JP	JP2517
PPSA01830_00	10001412	WG E2E 072720 P SHARED TEST C1 FG1 - PATCH Version 2 - PlayGo Game Sample(JP)	JP8903-PPSA01830_00-4902777527040014	JP	JP8903
PPSA01833_00	10001413	Maquette	JP2517-PPSA01833_00-MAQUETTESIEJ0000	JP	JP2517
PPSA01852_00	232859	JUDGE EYES：死神の遺言 Remastered	JP0177-PPSA01852_00-JUDGEEYES0000000	JP	JP0177
PPSA01856_00	235235	MAIDEN	JP0102-PPSA01856_00-DEMOVILLAGE00001	JP	JP0102
PPSA01867_00	232847	レゴ®スター・ウォーズ／スカイウォーカー・サーガ	JP0012-PPSA01867_00-LEGOSWTSS0000000	JP	JP0012
PPSA01877_00	233961	Far Cry® 6	JP0001-PPSA01877_00-FARCRY6GAME00000	JP	JP0001
PPSA01890_00	10000633	BALAN WONDERWORLD	JP0082-PPSA01890_00-BALANWW500000001	JP	JP0082
PPSA01919_00	10000178	The Art of Destruction AllStars	JP9000-PPSA01919_00-DESTALLSTARSART1	JP	JP9000
PPSA01954_00	231819	Control Ultimate Edition	JP0507-PPSA01954_00-CONTROLUEPS50000	JP	JP0507
PPSA01970_00	234585	DEATH STRANDING DIRECTOR'S CUT	JP9000-PPSA01970_00-DEATHSTRANDINGJA	JP	JP9000
PPSA02052_00	233407	Call of Duty®: Black Ops Cold War	JP9201-PPSA02052_00-CODCWTHEGAME0001	JP	JP9201
PPSA02067_00	212581	World of Tanks	JP0983-PPSA02067_00-6252909643186815	JP	JP0983
PPSA02086_00	10001412	WG E2E 072720 P SHARED TEST C1 DEMO1 PATCH Version 2 - PlayGo Demo Sample(JP)	JP8903-PPSA02086_00-3797240658854663	JP	JP8903
PPSA02097_00	10000754	ライザのアトリエ２ ～失われた伝承と秘密の妖精～	JP0106-PPSA02097_00-RYZA200000MASTER	JP	JP0106
PPSA02102_00	10001114	Stray	JP2517-PPSA02102_00-STRAYSIEJ0000000	JP	JP2517
PPSA02111_00	216600	No Man's Sky	JP0020-PPSA02111_00-NOMANSSKYHG00001	JP	JP0020
PPSA02165_00	10001705	void tRrLM(); ++ver;	JP0404-PPSA02165_00-TERRARIUM0000001	JP	JP0404
PPSA02178_00	235168	Tony Hawk's™ Pro Skater™ 1 + 2	JP0088-PPSA02178_00-TH12RTHEGAME0001	JP	JP0088
PPSA02180_00	10000453	GUILTY GEAR -STRIVE-	JP0036-PPSA02180_00-GGSTPS5000000000	JP	JP0036
PPSA02188_00	227108	Crossout	JP1201-PPSA02188_00-0000000000000000	JP	JP1201
PPSA02189_00	233448	CRSED	JP1201-PPSA02189_00-7950242514954200	JP	JP1201
PPSA02190_00	205366	War Thunder	JP1201-PPSA02190_00-8765687607573553	JP	JP1201
PPSA02192_00	10001599	PRAEY FOR THE GODS	JP2138-PPSA02192_00-6842971149619717	JP	JP2138
PPSA02196_00	10001758	トラックマニア	JP0001-PPSA02196_00-GAME000000000000	JP	JP0001
PPSA02221_00	232624	DOOM Eternal	JP0262-PPSA02221_00-DOOM05PS50000000	JP	JP0262
PPSA02230_00	234709	Werewolf: The Apocalypse – Earthblood	JP0075-PPSA02230_00-WTASCEJ000000000	JP	JP0075
PPSA02267_00	10000453	GUILTY GEAR -STRIVE- Open Beta	JP0036-PPSA02267_00-GGSTOBTJP0000100	JP	JP0036
PPSA02269_00	10001815	ARMORED CORE™ VI FIRES OF RUBICON™ PS4 & PS5		JP	JP0506
PPSA02282_00	10001128	リサーチ・アンド・デストロイ	JP0365-PPSA02282_00-RESEARCHNDESTROY	JP	JP0365
PPSA02285_00	227401	OUTRIDERS - DEMO	JP0082-PPSA02285_00-6038006678045089	JP	JP0082
PPSA02289_00	10001838	Last Stop	JP2517-PPSA02289_00-LASTSTOPSIEJ0000	JP	JP2517
PPSA02296_00	234823	Tales of ARISE	JP0700-PPSA02296_00-TOARISEPS5000001	JP	JP0700
PPSA02323_00	205342	Warframe	JP0141-PPSA02323_00-8148339690872080	JP	JP0141
PPSA02326_00	10001801	モナーク／Monark	JP0536-PPSA02326_00-MONARKJP00000000	JP	JP0536
PPSA02340_00	10001116	ミスタードリラーアンコール	JP0700-PPSA02340_00-JP5DRILLERENCORE	JP	JP0700
PPSA02374_00	10001067	GUNDAM EVOLUTION	JP0700-PPSA02374_00-GUNDAMEVOLUTION0	JP	JP0700
PPSA02380_00	10001935	Buster's Quest: Trials of Hamsterdam	JP6328-PPSA02380_00-3441880302912647	JP	JP6328
PPSA02398_00	235097	SCARLET NEXUS Artbook & Original Soundtrack	JP0700-PPSA02398_00-SCRNXDIRDDXEDART	JP	JP0700
PPSA02411_00	221852	Destiny 2	JP9200-PPSA02411_00-DESTINYTHEGAME02	JP	JP9200
PPSA02427_00	10001771	Farming Simulator 22	JP6171-PPSA02427_00-6772613926350661	JP	JP6171
PPSA02436_00	10000264	Crash Bandicoot 4: It's About Time	JP0088-PPSA02436_00-CB4THEGAME000001	JP	JP0088
PPSA02437_00	10001519	Observer: System Redux	JP5679-PPSA02437_00-OBSERVER0SR00000	JP	JP5679
PPSA02462_00	234389	Nioh 2 Remastered	JP0106-PPSA02462_00-NIOH2JP000000000	JP	JP0106
PPSA02463_00	234389	Nioh 2 Remastered - The Complete Edition	JP0106-PPSA02463_00-NIOH2CE000000000	JP	JP0106
PPSA02464_00	213861	Nioh Remastered - The Complete Edition	JP0106-PPSA02464_00-NIOHCEPS50000000	JP	JP0106
PPSA02475_00	10001332	Terminator: Resistance Enhanced	JP5918-PPSA02475_00-TERMINATORPS5VER	JP	JP5918
PPSA02480_00	10000176	『Returnal』デジタルサウンドトラック	JP9000-PPSA02480_00-RETURNALOST00001	JP	JP9000
PPSA02494_00	10002044	ドラえもん のび太の牧場物語 大自然の王国とみんなの家	JP0700-PPSA02494_00-DRFM2MAINCONTENT	JP	JP0700
PPSA02502_00	10001481	遊戯王 マスターデュエル	JP0101-PPSA02502_00-3223055546198587	JP	JP0101
PPSA02510_00	10001552	夕鬼	JP0211-PPSA02510_00-CHOR0000000020DJ	JP	JP0211
PPSA02533_00	10000185	DEATHLOOP	JP0262-PPSA02533_00-DEATHLOOP0000000	JP	JP0262
PPSA02558_00	10001115	Solar Ash	JP2517-PPSA02558_00-SOLARASHSIEJ0000	JP	JP2517
PPSA02583_00	235338	RIDE 4	JP1201-PPSA02583_00-RIDE4FULLGAME000	JP	JP1201
PPSA02618_00	10002127	I Am Dead	JP2517-PPSA02618_00-IAMDEADSIEJ00000	JP	JP2517
PPSA02626_00	234585	DEATH STRANDING DIRECTOR'S CUT ボーナスコンテンツ	JP9000-PPSA02626_00-DEATHSTRANDEEBC0	JP	JP9000
PPSA02634_00	10001615	Street Fighter 6		JP	JP0102
PPSA02671_00	10001903	ルインドキング：リーグ・オブ・レジェンド ストーリー™	JP6525-PPSA02671_00-RUINEDKINGLOLJP0	JP	JP6525
PPSA02673_00	10001407	真・三國無双８ Empires 体験版	JP0106-PPSA02673_00-SM8EMPIRESTRIAL0	JP	JP0106
PPSA02690_00	235238	龍が如く７　光と闇の行方　インターナショナル	JP0177-PPSA02690_00-LIKEADRAGON00000	JP	JP0177
PPSA02699_00	234423	Immortals Fenyx Rising ™ - Demo	JP0001-PPSA02699_00-DEMO000000000000	JP	JP0001
PPSA02702_00	10001776	アノダイン２：ダストへの帰還	JP1190-PPSA02702_00-RATALAIKANODYNE2	JP	JP1190
PPSA02713_00	10000178	Destruction AllStars™	JP9000-PPSA02713_00-DALLSTARSPLUS001	JP	JP9000
PPSA02719_00	10001585	クロスクラッシュ	JP1190-PPSA02719_00-RATAGACROSSKRUSH	JP	JP1190
PPSA02746_00	10000579	WRC 9 FIA World Rally Championship	JP0075-PPSA02746_00-WRC9SIEJ00000000	JP	JP0075
PPSA02764_00	227139	ヒューマン フォール フラット	JP0098-PPSA02764_00-HFFGAME000000PS5	JP	JP0098
PPSA02782_00	228981	Can't Drive This	JP1414-PPSA02782_00-CDTPS5NEXTGEN000	JP	JP1414
PPSA02835_00	10001080	Bridge Constructor: The Walking Dead	JP0211-PPSA02835_00-BCTWDSIEJA000000	JP	JP0211
PPSA02862_00	201579	FINAL FANTASY XIV Online	JP0082-PPSA02862_00-FFXIVONLPS500000	JP	JP0082
PPSA02865_00	10002062	Tormented Souls	JP5905-PPSA02865_00-TORMENTEDSIEAPS5	JP	JP5905
PPSA02866_00	10001951	The Plane Effect - サラリーマン -	JP5905-PPSA02866_00-THEPSIEJAPS50000	JP	JP5905
PPSA02869_00	10000348	Hunting Simulator 2	JP2150-PPSA02869_00-HS20SIEJ00000000	JP	JP2150
PPSA02872_00	232583	Little Nightmares II リトルナイトメア2	JP0700-PPSA02872_00-LITTLENIGHTS2000	JP	JP0700
PPSA02875_00	234481	セインツロウ ザ・サード：リマスタード	JP0108-PPSA02875_00-SRTTRDRDXGAME001	JP	JP0108
PPSA02904_00	234489	Mortal Shell	JP1201-PPSA02904_00-MORTALSHELL00001	JP	JP1201
PPSA02906_00	10000864	エターナル	JP0096-PPSA02906_00-0000000000000001	JP	JP0096
PPSA02921_00	10001340	The Sinking City	JP4860-PPSA02921_00-7227145746686481	JP	JP4860
PPSA02926_00	10001583	サンダーフラッシュ	JP1190-PPSA02926_00-RATATHUNDERFLASH	JP	JP1190
PPSA02952_00	10000838	Monster Energy Supercross - The Official Videogame 4	JP1201-PPSA02952_00-SUPERCROSS4FGAME	JP	JP1201
PPSA02959_00	231769	Metro Exodus	JP0365-PPSA02959_00-METROEXODUS0GEN9	JP	JP0365
PPSA02970_00	10002082	Sakura Succubus	JP6391-PPSA02970_00-SAKURASUCCUBUS00	JP	JP6391
PPSA02974_00	10001980	Legends of Talia: Arcadia	JP6391-PPSA02974_00-LEGENDSOFTALIAAR	JP	JP6391
PPSA02980_00	10001023	Tennis World Tour 2	JP0075-PPSA02980_00-TWT2SIEJ00000000	JP	JP0075
PPSA02993_00	10002427	New Football Game Online Performance Test	JP0101-PPSA02993_00-NFGOPT0000000000	JP	JP0101
PPSA03031_00	234039	ワン・ナイト・スタンド	JP1190-PPSA03031_00-RGAONENIGHTSTAND	JP	JP1190
PPSA03043_00	10000991	鬼滅の刃 ヒノカミ血風譚	JP3372-PPSA03043_00-HINOKAMI00000000	JP	JP3372
PPSA03053_00	10002474	Enlisted	JP1201-PPSA03053_00-1982401606691008	JP	JP1201
PPSA03072_00	10002427	eFootball™ 2022	JP0101-PPSA03072_00-EFOOTBALL0000000	JP	JP0101
PPSA03091_00	10001837	The Dark Pictures Anthology: House of Ashes	JP0700-PPSA03091_00-SMGDARKPICTURESC	JP	JP0700
PPSA03097_00	10001070	ソウルハッカーズ2	JP0005-PPSA03097_00-SOULHACKERS20000	JP	JP0005
PPSA03108_00	234823	Tales of ARISE Demo Version	JP0700-PPSA03108_00-TOARISEPS5DEMO01	JP	JP0700
PPSA03112_00	10001055	トリガー・ウィッチ	JP0078-PPSA03112_00-TRIGGERWITCH0000	JP	JP0078
PPSA03124_00	10002399	Work_from_Home	JP4800-PPSA03124_00-4083238775001345	JP	JP4800
PPSA03143_00	10000669	パラレル・トラブル　デジタルデラックスエディション　ボーナスコンテンツ	JP9000-PPSA03143_00-RIFTDIGITALBONUS	JP	JP9000
PPSA03154_00	235235	BIOHAZARD VILLAGE Gameplay Demo	JP0102-PPSA03154_00-DEMOVILLAGE00002	JP	JP0102
PPSA03158_00	231923	マニフォールド ガーデン	JP0122-PPSA03158_00-MANIFGARDENJPPS5	JP	JP0122
PPSA03169_00	10000333	ELDEN RING	JP0506-PPSA03169_00-2465683171993968	JP	JP0506
PPSA03209_00	235227	Ghost of Tsushima	JP9000-PPSA03209_00-GHOSTSHIP0000000	JP	JP9000
PPSA03212_00	10001467	オーバーライド 2：スーパーメカリーグ	JP0075-PPSA03212_00-OVERRIDEBASEGAME	JP	JP0075
PPSA03213_00	10001934	MotoGP™21	JP1201-PPSA03213_00-MOTOGP21FULLGAME	JP	JP1201
PPSA03224_00	228744	FINAL FANTASY® VII REMAKE INTERGRADE デジタルアートブック	JP0082-PPSA03224_00-ARTBOOK000000000	JP	JP0082
PPSA03231_00	10002585	STRANGER OF PARADISE FINAL FANTASY ORIGIN	JP0082-PPSA03231_00-SOPFFORIGIN00000	JP	JP0082
PPSA03241_00	10002588	ワン･エスケープ 俺の脱獄作戦	JP1190-PPSA03241_00-RATAGAMONEESCAPE	JP	JP1190
PPSA03247_00	228744	FINAL FANTASY® VII REMAKE INTERGRADE デジタルミニサウンドトラック	JP0082-PPSA03247_00-MINISOUNDTRACK00	JP	JP0082
PPSA03265_00	10002616	LOST JUDGMENT：裁かれざる記憶	JP0177-PPSA03265_00-LOSTJUDGMENT0000	JP	JP0177
PPSA03283_00	10001808	ルインバース	JP0013-PPSA03283_00-JP0RUINEV0000PS5	JP	JP0013
PPSA03294_00	10001317	Kingdom of Arcadia	JP0078-PPSA03294_00-KINGDOMOFARCADIA	JP	JP0078
PPSA03307_00	227252	Wreckfest	JP2880-PPSA03307_00-WRECKFESTJP00001	JP	JP2880
PPSA03354_00	10002652	The Callisto Protocol - Day One Edition		JP	JP4919
PPSA03372_00	10002496	Heal (ヒール)	JP1190-PPSA03372_00-RATALAIKAGAMHEAL	JP	JP1190
PPSA03406_00	232883	Subnautica	JP0122-PPSA03406_00-SUBNAUTICA000000	JP	JP0122
PPSA03411_00	10002246	The Falconeer Warrior Edition	JP4236-PPSA03411_00-THEFALCONEERJP00	JP	JP4236
PPSA03412_00	235132	スペースベース スタートピア	JP6134-PPSA03412_00-SPACE00STARTOPIA	JP	JP6134
PPSA03421_00	201930	Grand Theft Auto V	JP0230-PPSA03421_00-GTAONLINEDIGITAL	JP	JP0230
PPSA03422_00	234762	Chivalry 2 Beta	JP6408-PPSA03422_00-8079987794359147	JP	JP6408
PPSA03440_00	234980	ポートロイヤル4	JP6134-PPSA03440_00-JPPORTROYALE4PS5	JP	JP6134
PPSA03450_00	234762	Chivalry 2	JP6408-PPSA03450_00-9612526084785550	JP	JP6408
PPSA03456_00	10002741	Sakura Succubus 2	JP6391-PPSA03456_00-SAKURASUCCUBUS20	JP	JP6391
PPSA03458_00	10001725	Mighty Goose	JP0122-PPSA03458_00-MIGHTYGOOSE00001	JP	JP0122
PPSA03472_00	10000741	うたわれるもの斬2	JP0761-PPSA03472_00-UTAWARERUMONOZAN	JP	JP0761
PPSA03493_00	10002647	Super Sami Roll	JP5889-PPSA03493_00-0397095039015261	JP	JP5889
PPSA03494_00	10002000	Exodemon	JP0078-PPSA03494_00-EXODEMON00000000	JP	JP0078
PPSA03526_00	10003552	Grand Theft Auto: San Andreas – The Definitive Edition	JP0230-PPSA03526_00-GTASANANDREAS001	JP	JP0230
PPSA03529_00	10003550	Grand Theft Auto III – The Definitive Edition	JP0230-PPSA03529_00-GTATHREE00000001	JP	JP0230
PPSA03532_00	10003551	Grand Theft Auto: Vice City – The Definitive Edition	JP0230-PPSA03532_00-GTAVICECITY00001	JP	JP0230
PPSA03533_00	10002670	超次元ゲイム ネプテューヌ Sisters vs Sisters	JP0031-PPSA03533_00-1587184764610383	JP	JP0031
PPSA03571_00	10002054	Evil Inside	JP0078-PPSA03571_00-EVILINSIDE000000	JP	JP0078
PPSA03580_00	10002458	The Forgotten City	JP0075-PPSA03580_00-THEFORGOTTENCITY	JP	JP0075
PPSA03583_00	10002159	World-Splitter	JP5679-PPSA03583_00-WORLDSPLITTERPS5	JP	JP5679
PPSA03604_00	10002113	Eight Dragons	JP0078-PPSA03604_00-EIGHTDRAGONS0000	JP	JP0078
PPSA03606_00	235108	Sherlock Holmes Chapter One	JP4860-PPSA03606_00-SHCOFROGWARESUAK	JP	JP4860
PPSA03642_00	10002811	Among Us	JP6997-PPSA03642_00-AMONGUSSONYPS5JP	JP	JP6997
PPSA03651_00	10002443	Devastator	JP0078-PPSA03651_00-DEVASTATOR000000	JP	JP0078
PPSA03656_00	10002585	STRANGER OF PARADISE FINAL FANTASY ORIGIN TRIAL VERSION	JP0082-PPSA03656_00-SOPFFORIGINDEMO0	JP	JP0082
PPSA03672_00	10002862	地球防衛軍６	JP0367-PPSA03672_00-EDF6MASTERPKG000	JP	JP0367
PPSA03704_00	10001164	機動戦士ガンダム　バトルオペレーション　Code Fairy	JP0700-PPSA03704_00-GUNDAMBO2CF00000	JP	JP0700
PPSA03757_00	10001473	Drunken Fist	JP0078-PPSA03757_00-DRUNKENFIST00000	JP	JP0078
PPSA03773_00	10000363	スメルター	JP4108-PPSA03773_00-SMELTERPS5JP0000	JP	JP4108
PPSA03782_00	10002899	The Medium 霊	JP5679-PPSA03782_00-MEDIUM0000000000	JP	JP5679
PPSA03789_00	233011	HUMANITY	JP1049-PPSA03789_00-HUMANITYGAME0001	JP	JP1049
PPSA03794_00	10001956	タクティクスオウガ リボーン	JP0082-PPSA03794_00-2324422827766248	JP	JP0082
PPSA03805_00	10002771	ペルソナ５ ザ・ロイヤル	JP0005-PPSA03805_00-P5RGAME000000000	JP	JP0005
PPSA03806_00	10001520	Fuga : Melodies of Steel	JP4566-PPSA03806_00-FUGA000000000000	JP	JP4566
PPSA03813_00	10001021	Aragami 2	JP0036-PPSA03813_00-ARAGAMI200001000	JP	JP0036
PPSA03829_00	10002973	Bonfire Peaks	JP7079-PPSA03829_00-BONFIREPEAKSP5JP	JP	JP7079
PPSA03833_00	10000888	Sniper Ghost Warrior Contracts 2	JP1561-PPSA03833_00-SGWCONTRACTS2001	JP	JP1561
PPSA03880_00	10003009	PaperDolls2	JP2885-PPSA03880_00-PAPERDOLLS2SIEJ5	JP	JP2885
PPSA03882_00	10002449	Sir Lovelot	JP0078-PPSA03882_00-SIRLOVELOT000000	JP	JP0078
PPSA03907_00	10000741	うたわれるもの斬2 体験版	JP0761-PPSA03907_00-UTAWARERUMONOZNT	JP	JP0761
PPSA03917_00	10000330	Zero Strain	JP0078-PPSA03917_00-ZEROSTRAIN000000	JP	JP0078
PPSA03920_00	10002812	WRC10 FIA世界ラリー選手権	JP4236-PPSA03920_00-WRC1000000000000	JP	JP4236
PPSA03923_00	10000939	112th Seed	JP0078-PPSA03923_00-112THSEED0000000	JP	JP0078
PPSA03955_00	233069	BIOHAZARD RE:3	JP0102-PPSA03955_00-BH3ROFF000000001	JP	JP0102
PPSA03956_00	233069	BIOHAZARD RE:3 Z Version	JP0102-PPSA03956_00-BH3ROFF000000001	JP	JP0102
PPSA03976_00	10000248	HITMAN 3 - Dubai	JP4162-PPSA03976_00-DLC0000000000020	JP	JP4162
PPSA03990_00	10001088	Cris Tales	JP2151-PPSA03990_00-CRISTALES0000000	JP	JP2151
PPSA03991_00	10002174	F1® 2021	JP0151-PPSA03991_00-F12021PS5JMASTER	JP	JP0151
PPSA04013_00	10003070	Sakura Succubus 3	JP6391-PPSA04013_00-SAKURASUCCUBUS30	JP	JP6391
PPSA04023_00	10002273	Farm For Your Life	JP6801-PPSA04023_00-FARMFORYOURLIFE0	JP	JP6801
PPSA04025_00	204794	ウィッチャー３　ワイルドハント　コンプリートエディション	JP3522-PPSA04025_00-0000000000GOTY12	JP	JP3522
PPSA04026_00	234567	サイバーパンク2077	JP3522-PPSA04026_00-0000000000000002	JP	JP3522
PPSA04032_00	235172	Life is Strange: True Colors™	JP0082-PPSA04032_00-0821148624889642	JP	JP0082
PPSA04039_00	10002495	Arcadegeddon	JP3130-PPSA04039_00-0143893133681936	JP	JP3130
PPSA04060_00	10003061	ウィズン･ザ･ブレード	JP1190-PPSA04060_00-RGWITHINTHEBLADE	JP	JP1190
PPSA04068_00	10001203	モノクロームメビウス 刻ノ代贖	JP0761-PPSA04068_00-MMTOKINOTAIKA000	JP	JP0761
PPSA04073_00	10000886	Horizon Forbidden West	JP9000-PPSA04073_00-FORBIDDENWESTPS5	JP	JP9000
PPSA04095_00	10000886	Horizon Forbidden West デジタルデラックスコンテンツ	JP9000-PPSA04095_00-HFWDIGITALADDONS	JP	JP9000
PPSA04097_00	10000886	Horizon Forbidden West デジタルサウンドトラック	JP9000-PPSA04097_00-HFWSOUNDTRACKPS5	JP	JP9000
PPSA04132_00	10001987	SAMURAI MAIDEN -サムライメイデン-	JP0367-PPSA04132_00-0000000000000000	JP	JP0367
PPSA04183_00	10002508	Hoa	JP6412-PPSA04183_00-3489658436463865	JP	JP6412
PPSA04195_00	10002840	HORROR TALES: The Wine	JP0078-PPSA04195_00-HORRORTALES00000	JP	JP0078
PPSA04197_00	232374	Dying Light 2: Stay Human	JP0365-PPSA04197_00-DL2GAME0000000JP	JP	JP0365
PPSA04199_00	10001229	SpellForce III Reforced	JP2880-PPSA04199_00-SPELLFORCE3PS5JP	JP	JP2880
PPSA04205_00	10002591	エイリアン：ファイアーチーム エリート	JP4236-PPSA04205_00-ALIENSFIRETEAMJP	JP	JP4236
PPSA04209_00	232253	BABYLON'S FALL	JP0082-PPSA04209_00-BABYLONSFALLMAIN	JP	JP0082
PPSA04211_00	10000559	Iron Harvest	JP0108-PPSA04211_00-JPDSIRONHARVEST0	JP	JP0108
PPSA04260_00	10001234	Call of Duty®: Vanguard Alpha	JP9201-PPSA04260_00-CODVPUBLICALPHA1	JP	JP9201
PPSA04261_00	10001234	Call of Duty®: Vanguard Public Beta	JP9201-PPSA04261_00-CODVPUBLICBETA01	JP	JP9201
PPSA04269_00	10002479	彩色のカルテット	JP0013-PPSA04269_00-JP0CHROMAQ000PS5	JP	JP0013
PPSA04286_00	10003227	ネクソモン	JP6327-PPSA04286_00-NEX1PS5SIEJAJP00	JP	JP6327
PPSA04291_00	229500	BIOHAZARD RE:2	JP0102-PPSA04291_00-BH2R000000000001	JP	JP0102
PPSA04292_00	229500	BIOHAZARD RE:2 Z Version	JP0102-PPSA04292_00-BH2R000000000001	JP	JP0102
PPSA04301_00	10000459	Riders Republic Closed Beta	JP0001-PPSA04301_00-MADBETA200000001	JP	JP0001
PPSA04317_00	10002756	Pretty Girls Klondike Solitaire	JP0078-PPSA04317_00-PGKLONDSOLITAIRE	JP	JP0078
PPSA04337_00	10003261	零 ～濡鴉ノ巫女～	JP0106-PPSA04337_00-APPFOCUS00000000	JP	JP0106
PPSA04342_00	10002550	Astria Ascending	JP4236-PPSA04342_00-ASTRIA0ASCENDING	JP	JP4236
PPSA04350_00	10001234	Call of Duty®: Vanguard - Campaign 1	JP9201-PPSA04350_00-CODVCONTENTSP001	JP	JP9201
PPSA04373_00	231037	プレイグ テイル -イノセンス-	JP0075-PPSA04373_00-APLAGUETALEGAME0	JP	JP0075
PPSA04375_00	10000590	アルファディア ジェネシス	JP0013-PPSA04375_00-JP0ALPHAG0000PS5	JP	JP0013
PPSA04377_00	10002832	アルファディア ジェネシス２	JP0013-PPSA04377_00-JP0ALPHAG0200PS5	JP	JP0013
PPSA04378_00	10003271	ゴールデン・フォース	JP1463-PPSA04378_00-3898435431170857	JP	JP1463
PPSA04386_00	234902	Assetto Corsa Competizione	JP0075-PPSA04386_00-ACCOMPPS50000000	JP	JP0075
PPSA04402_00	220037	BIOHAZARD 7 resident evil	JP0102-PPSA04402_00-BH70000000000001	JP	JP0102
PPSA04403_00	220037	BIOHAZARD 7 resident evil グロテスクVer.	JP0102-PPSA04403_00-BH7000000000000Z	JP	JP0102
PPSA04406_00	220037	BIOHAZARD 7 resident evil Gold Edition	JP0102-PPSA04406_00-BH7G000000000001	JP	JP0102
PPSA04408_00	220037	BIOHAZARD 7 resident evil Gold Edition グロテスクVer.	JP0102-PPSA04408_00-BH7G000000000001	JP	JP0102
PPSA04409_00	10003094	ドラゴンクエストX　目覚めし五つの種族　オフライン	JP0082-PPSA04409_00-HOLIDAY000000000	JP	JP0082
PPSA04410_00	10003094	ドラゴンクエストX　目覚めし五つの種族　オフライン　体験版		JP	JP0082
PPSA04427_00	10002592	Rustler	JP0075-PPSA04427_00-RUSTLER000000000	JP	JP0075
PPSA04428_00	10001487	In Sound Mind	JP0075-PPSA04428_00-ISM0000000000000	JP	JP0075
PPSA04431_00	10003311	Blackberry Honey ～メイド物語～	JP1190-PPSA04431_00-RGBLACKBERRYHONE	JP	JP1190
PPSA04440_00	10003315	フレディ スパゲッティ 2	JP1190-PPSA04440_00-RGFREDDYSPAGHET2	JP	JP1190
PPSA04445_00	10003302	冤罪執行遊戯ユルキル	JP6079-PPSA04445_00-YURUKILLGAMESPS5	JP	JP6079
PPSA04462_00	10001291	Ghostrunner	JP1561-PPSA04462_00-GHOSTRUNNER00000	JP	JP1561
PPSA04474_00	234070	熱血硬派くにおくん外伝 River City Girls	JP0036-PPSA04474_00-RCG00000PS5JP010	JP	JP0036
PPSA04475_00	10003340	DEADCRAFT	JP0507-PPSA04475_00-DMX0000000000000	JP	JP0507
PPSA04483_00	10002301	Bishoujo Battle Mahjong Solitaire	JP0078-PPSA04483_00-BISHOUJOBATTLEMS	JP	JP0078
PPSA04485_00	10003209	Doki Doki Literature Club Plus	JP0122-PPSA04485_00-DOKIDOKIPLUS00JP	JP	JP0122
PPSA04486_00	10003355	魔界戦記ディスガイア６	JP0404-PPSA04486_00-5947708958950246	JP	JP0404
PPSA04491_00	10003357	ティーンエイジ ミュータント ニンジャ タートルズ ザ カワバンガ コレクション	JP0101-PPSA04491_00-TMNTCOWABUNGAXXX	JP	JP0101
PPSA04495_00	10001408	Matchpoint - Tennis Championships	JP7213-PPSA04495_00-MATCHPOINT000000	JP	JP7213
PPSA04498_00	10001408	Matchpoint - Tennis Championships	JP7213-PPSA04498_00-MATCHPOINT000000	JP	JP7213
PPSA04509_00	10003366	Dating Life: マイリー&エミリー	JP6391-PPSA04509_00-DATINGLIFEMILEYX	JP	JP6391
PPSA04510_00	10003368	ヘルズ・ハイ・ハーモナイザーズ	JP5356-PPSA04510_00-2732179421483586	JP	JP5356
PPSA04523_00	10003186	アーキタイプ・アーカディア	JP0013-PPSA04523_00-JP0AARCADIA00PS5	JP	JP0013
PPSA04536_00	233248	The Ascent	JP1201-PPSA04536_00-THEASCENT00000JP	JP	JP1201
PPSA04541_00	10000604	Disciples: Liberation	JP7213-PPSA04541_00-000000DISCIPLES4	JP	JP7213
PPSA04546_00	10003388	アリス・ギア・アイギスCS	JP0745-PPSA04546_00-ALICEGEARAEGISCS	JP	JP0745
PPSA04549_00	10002873	Rogue Explorer	JP0078-PPSA04549_00-ROGUEEXPLORER000	JP	JP0078
PPSA04553_00	10002296	Pretty Girls Panic!	JP0078-PPSA04553_00-PGPANIC000000000	JP	JP0078
PPSA04557_00	10001801	モナーク／Monark デジタルアートブック	JP0536-PPSA04557_00-0000000000000000	JP	JP0536
PPSA04560_00	10003396	ロードス島戦記ーディードリット・イン・ワンダーラビリンスー	JP0122-PPSA04560_00-LODOSSWARDEEDLIT	JP	JP0122
PPSA04562_00	10003398	PAC-MAN WORLD Re-PAC	JP0700-PPSA04562_00-PACMANWORLDRE003	JP	JP0700
PPSA04575_00	10003407	サクラ･サキュバス４ ～真夏のハーレム休暇～	JP6391-PPSA04575_00-SAKURASUCCUBUS40	JP	JP6391
PPSA04578_00	10003408	ハブロキシア 2	JP4676-PPSA04578_00-2458922570838695	JP	JP4676
PPSA04590_00	10002441	シーポ	JP1309-PPSA04590_00-SHEEPOJP00000000	JP	JP1309
PPSA04593_00	10003412	Crisis Wing	JP0078-PPSA04593_00-CRISISWING000000	JP	JP0078
PPSA04636_00	230955	Skyrim	JP0262-PPSA04636_00-TESVSKYRIM000000	JP	JP0262
PPSA04652_00	10002585	STRANGER OF PARADISE FINAL FANTASY ORIGIN TRIAL VERSION 2	JP0082-PPSA04652_00-SOPFFOTRIAL20000	JP	JP0082
PPSA04667_00	10001848	ネクロムンダ：ハイヤードガン	JP0075-PPSA04667_00-NECROMUMHIREDGUN	JP	JP0075
PPSA04705_00	10002262	EverForward	JP6412-PPSA04705_00-3963506537728731	JP	JP6412
PPSA04708_00	10001000	Love Choice 愛の選択	JP1190-PPSA04708_00-RATALALOVECHOICE	JP	JP1190
PPSA04720_00	10003143	『アノ1800』コンソールエディション	JP0001-PPSA04720_00-ANNO1800PS000000	JP	JP0001
PPSA04727_00	10002692	Castle Of Pixel Skulls	JP0078-PPSA04727_00-CASTLEPIXELSKULL	JP	JP0078
PPSA04731_00	10002749	Poker Pretty Girls Battle: Fantasy World Edition	JP0078-PPSA04731_00-POKERBATTLE00000	JP	JP0078
PPSA04737_00	10003447	アスディバインサーガ	JP0013-PPSA04737_00-JP0ASAGA00000PS5	JP	JP0013
PPSA04751_00	10003486	百英雄伝 Rising	JP0114-PPSA04751_00-EIYUDENRISINGPS5	JP	JP0114
PPSA04760_00	10002874	Poker Pretty Girls Battle: Texas Hold'em	JP0078-PPSA04760_00-PPGBTEXASHOLDEM0	JP	JP0078
PPSA04762_00	10000928	MX vs ATV Legends	JP2880-PPSA04762_00-MXVSATV2021US001	JP	JP2880
PPSA04774_00	10002276	Hentai vs. Evil	JP0078-PPSA04774_00-HNTVSEVL00000000	JP	JP0078
PPSA04787_00	10000301	Ghostwire: Tokyo	JP0262-PPSA04787_00-GHOSTWIRETOKYOFG	JP	JP0262
PPSA04793_00	10003540	風のクロノア 1&2アンコール	JP0700-PPSA04793_00-KLONOA12ENCORE00	JP	JP0700
PPSA04802_00	10002300	りっく☆じあ～す サイバーパニック！	JP0078-PPSA04802_00-BISHOUJOBATTLECP	JP	JP0078
PPSA04806_00	10002299	Delicious! Pretty Girls Mahjong Solitaire	JP0078-PPSA04806_00-DELICIOUSPGMAHJO	JP	JP0078
PPSA04815_00	10003565	ファイナルソード	JP6686-PPSA04815_00-2005230956861032	JP	JP6686
PPSA04831_00	10003319	Centipede: Recharged	JP7251-PPSA04831_00-CENTIPEDE0000000	JP	JP7251
PPSA04838_00	10001111	Pumpkin Jack	JP5134-PPSA04838_00-PUMPKINJACKPS5JP	JP	JP5134
PPSA04840_00	10003539	白き鋼鉄のＸ ２	JP1368-PPSA04840_00-LAIX2PSAPP000000	JP	JP1368
PPSA04868_00	10002921	Chernobylite	JP5414-PPSA04868_00-CHERNOBYLPS5SIEJ	JP	JP5414
PPSA04871_00	10002245	The Riftbreaker	JP0507-PPSA04871_00-8580029340232176	JP	JP0507
PPSA04878_00	10002245	The Riftbreaker: Prologue	JP0507-PPSA04878_00-5345982843340056	JP	JP0507
PPSA04889_00	10003611	タコリタ・ミーツ・ポテト	JP1190-PPSA04889_00-RGTAKORITAMEETSF	JP	JP1190
PPSA04891_00	10002042	Saints Row	JP0108-PPSA04891_00-SAINTSROW00PS5JP	JP	JP0108
PPSA04904_00	10003617	サクラ水泳部 ～転校生の決意～	JP6391-PPSA04904_00-SAKURASWIMCLUB00	JP	JP6391
PPSA04909_00	10002298	Pretty Girls Mahjong Solitaire	JP0078-PPSA04909_00-PGMAHJONGSOLITAI	JP	JP0078
PPSA04912_00	10002877	Pretty Girls Panic! PLUS	JP0078-PPSA04912_00-PGPANICPLUS00000	JP	JP0078
PPSA04919_00	10003622	サクラ･ノヴァ ～騎士学園物語～	JP6391-PPSA04919_00-SAKURANOVA000000	JP	JP6391
PPSA04936_00	10001656	UEFA.tv	JP6475-PPSA04936_00-0926555541641483	JP	JP6475
PPSA04967_00	10002616	LOST JUDGMENT：裁かれざる記憶 体験版	JP0177-PPSA04967_00-LOSTJUDGMENTDEMO	JP	JP0177
PPSA04984_00	10003185	アームド＆ゴーレム	JP0013-PPSA04984_00-JP0AEMETH0000PS5	JP	JP0013
PPSA04993_00	235242	ONE PIECE ODYSSEY	JP0700-PPSA04993_00-KIZOKAPPLI000000	JP	JP0700
PPSA04997_00	232894	グミーズライフ (A Gummy's Life)	JP1309-PPSA04997_00-00000000AGLPS5JP	JP	JP1309
PPSA05005_00	10003653	A Monster's Expedition	JP7079-PPSA05005_00-AMONSTEREXPPS5JP	JP	JP7079
PPSA05014_00	10000390	ゴエティアクロス	JP3974-PPSA05014_00-7365362049054434	JP	JP3974
PPSA05020_00	10001457	Cannibal Cuisine	JP5050-PPSA05020_00-CANNIBALCUISINE1	JP	JP5050
PPSA05032_00	235227	Ghost of Tsushima	JP9000-PPSA05032_00-GHOSTSHIP0000000	JP	JP9000
PPSA05034_00	10001996	Hell Let Loose	JP4875-PPSA05034_00-7768277685550531	JP	JP4875
PPSA05056_00	10003449	聖戦クロニクル	JP0013-PPSA05056_00-JP0JUSTICEC00PS5	JP	JP0013
PPSA05069_00	10003358	Super Impossible Road	JP6077-PPSA05069_00-9254469688600592	JP	JP6077
PPSA05084_00	10003693	The Artful Escape	JP2517-PPSA05084_00-ARTFULSIEJ000000	JP	JP2517
PPSA05128_00	10002857	Bunny Raiders	JP5854-PPSA05128_00-BUNNYRAIDERS0000	JP	JP5854
PPSA05149_00	10002493	Vampire: The Masquerade - Bloodhunt	JP4868-PPSA05149_00-5907364668594208	JP	JP4868
PPSA05160_00	10003741	メイジシーカー：リーグ・オブ・レジェンド ストーリー™	JP6525-PPSA05160_00-MAGESEEKERLOLSJP	JP	JP6525
PPSA05163_00	10001098	SDガンダム バトルアライアンス	JP0700-PPSA05163_00-SDGUNBATTLEA0000	JP	JP0700
PPSA05181_00	10003754	雷電 IV × MIKADO remix	JP0622-PPSA05181_00-RAIDEN4MIKADORMX	JP	JP0622
PPSA05187_00	10003762	エレメンタルウォー2	JP5718-PPSA05187_00-ELEMENTALWAR2PS5	JP	JP5718
PPSA05225_00	10003783	バウムインベーダー	JP0078-PPSA05225_00-CAKEINVADERS0000	JP	JP0078
PPSA05234_00	10003786	SplashCars	JP0078-PPSA05234_00-SPLASHCARS000000	JP	JP0078
PPSA05244_00	10003791	Beat Souls	JP0078-PPSA05244_00-BEATSOULS0000000	JP	JP0078
PPSA05262_00	10003793	Discovery Tour: Viking Age	JP0001-PPSA05262_00-GAME000000000000	JP	JP0001
PPSA05267_00	10003796	A Memoir Blue	JP2517-PPSA05267_00-AMBSIEJ000000000	JP	JP2517
PPSA05270_00	10003798	雷電Ⅲ ×MIKADO MANIAX	JP0622-PPSA05270_00-RAIDEN3MIKADOMIX	JP	JP0622
PPSA05271_00	10001801	モナーク／Monark TRIAL EDITION	JP0536-PPSA05271_00-MONARKPS5DEMO000	JP	JP0536
PPSA05312_00	10003810	A YEAR OF SPRINGS	JP1190-PPSA05312_00-RGAYEAROFSPRINGS	JP	JP1190
PPSA05326_00	10003797	ソニックオリジンズ	JP0177-PPSA05326_00-SONICORIGINS0000	JP	JP0177
PPSA05355_00	10003420	Lucid Cycle	JP0078-PPSA05355_00-LUCIDCYCLE000000	JP	JP0078
PPSA05400_00	10003868	Destroy All Humans! 2 - Reprobed	JP2880-PPSA05400_00-DAH2REPRODBEDJP0	JP	JP2880
PPSA05401_00	10003338	The Last Stand: Aftermath	JP0211-PPSA05401_00-4436426532357240	JP	JP0211
PPSA05422_00	10003887	Horatio Goes Snowboarding	JP0078-PPSA05422_00-HORATIOSNOWBOARD	JP	JP0078
PPSA05426_00	10002630	The Binding of Isaac: Repentance	JP1392-PPSA05426_00-BOIREPENTANCEPS5	JP	JP1392
PPSA05442_00	10002876	Pretty Girls Mahjong Solitaire - Green	JP0078-PPSA05442_00-PGMAHJONGSOLGREE	JP	JP0078
PPSA05446_00	10002875	Pretty Girls Mahjong Solitaire - Blue	JP0078-PPSA05446_00-PGMAHJONGSOLBLUE	JP	JP0078
PPSA05452_00	10002362	Dungeon Escape	JP0078-PPSA05452_00-DUNGEONESCAPE000	JP	JP0078
PPSA05459_00	10002046	Void Gore	JP0078-PPSA05459_00-VOIDGORE00000000	JP	JP0078
PPSA05463_00	10002757	Ravva And The Cyclopse Curse	JP0078-PPSA05463_00-RAVVA00000000000	JP	JP0078
PPSA05471_00	10000691	Brotherhood United	JP0078-PPSA05471_00-BROTHERHOODUNITE	JP	JP0078
PPSA05478_00	10003448	ゴーストシンク	JP0013-PPSA05478_00-JP0GHOSTSYNC0PS5	JP	JP0013
PPSA05483_00	10000956	chess	JP9001-PPSA05483_00-GT7INTRNLTST0001	JP	JP9001
PPSA05500_00	10003502	GUNGUNGUN	JP0078-PPSA05500_00-GUNGUNGUN0000000	JP	JP0078
PPSA05501_00	10003217	Gunkid 99	JP0078-PPSA05501_00-GUNKID9900000000	JP	JP0078
PPSA05503_00	10001061	クラング 2	JP1190-PPSA05503_00-RATALAIKAGKLANG2	JP	JP1190
PPSA05511_00	10000771	Minecraft Legends	JP0127-PPSA05511_00-6279100536590199	JP	JP0127
PPSA05534_00	10003414	Drizzlepath: Deja Vu	JP0078-PPSA05534_00-DRIZZLEPATHDEJAV	JP	JP0078
PPSA05541_00	10001116	ミスタードリラーアンコール体験版	JP0700-PPSA05541_00-MRDRILLERDEMO000	JP	JP0700
PPSA05550_00	10001409	Vampire The Masquerade : Swansong	JP1201-PPSA05550_00-VTMS000000000000	JP	JP1201
PPSA05553_00	10001810	RPGolf Legends	JP0013-PPSA05553_00-JP0RPGOLFL000PS5	JP	JP0013
PPSA05555_00	10003956	熱血硬派くにおくん外伝 River City Girls 2	JP0036-PPSA05555_00-RCG20000PS5JP000	JP	JP0036
PPSA05563_00	10003962	アイドルカフェを経営しませんか？	JP6391-PPSA05563_00-WOULDYOULIKETORU	JP	JP6391
PPSA05589_00	10000793	Chorus	JP0108-PPSA05589_00-CHORUSGAMESHARED	JP	JP0108
PPSA05603_00	10000333	ELDEN RING Network Test Ver.	JP0506-PPSA05603_00-ELDENRINGNT00000	JP	JP0506
PPSA05606_00	10001726	砂の国の宮廷鍛冶屋	JP0013-PPSA05606_00-JP0BOTSANDK00PS5	JP	JP0013
PPSA05627_00	10000894	THE KING OF FIGHTERS XV 体験版(オープンβテスト)	JP0576-PPSA05627_00-KOF15BT0000000JP	JP	JP0576
PPSA05643_00	10002952	Elex II	JP2880-PPSA05643_00-ELEX2JP000000000	JP	JP2880
PPSA05644_00	10002027	春ゆきてレトロチカ	JP0082-PPSA05644_00-SHIJIMASTORY0001	JP	JP0082
PPSA05664_00	10003190	Warhammer 40,000: Shootas, Blood & Teef	JP7123-PPSA05664_00-6092472760898664	JP	JP7123
PPSA05670_00	10003599	Space KaBAAM	JP7323-PPSA05670_00-4613160155540033	JP	JP7323
PPSA05673_00	232253	BABYLON'S FALL Demo	JP0082-PPSA05673_00-BABYLONSFALLDEMO	JP	JP0082
PPSA05678_00	10003994	Life in Willowdale: Farm Adventures	JP4135-PPSA05678_00-2583540280753382	JP	JP4135
PPSA05685_00	205354	アンチャーテッド トレジャーハンターコレクション™	JP9000-PPSA05685_00-UNCHARTED4R00000	JP	JP9000
PPSA05687_00	10002803	Away: The Survival Series	JP0530-PPSA05687_00-AWAY0000ASIA0PS5	JP	JP0530
PPSA05695_00	10001098	SDガンダム バトルアライアンス 体験版	JP0700-PPSA05695_00-SDGUNBATTLEA00PR	JP	JP0700
PPSA05699_00	10000846	FORSPOKEN Demo		JP	JP0082
PPSA05782_00	10004110	シックスソウルズ	JP1190-PPSA05782_00-RATALAIKAG6SOULS	JP	JP1190
PPSA05788_00	10004111	Kansei ～豪邸殺人事件～	JP1190-PPSA05788_00-RATALAIKAGKANSEI	JP	JP1190
PPSA05795_00	10004116	Wo Long: Fallen Dynasty	JP0106-PPSA05795_00-WOLONG0000000000	JP	JP0106
PPSA05798_00	228871	Tropico 6	JP7213-PPSA05798_00-TROPICO600000001	JP	JP7213
PPSA05799_00	10003450	エルピシアの魔剣少女	JP0013-PPSA05799_00-JP0ELPISIA000PS5	JP	JP0013
PPSA05802_00	10003654	PowerWash Simulator	JP0082-PPSA05802_00-2761775101943415	JP	JP0082
PPSA05814_00	10001858	クルセイダーキングスIII	JP1201-PPSA05814_00-0000000000000001	JP	JP1201
PPSA05844_00	10003580	The DioField Chronicle	JP0082-PPSA05844_00-DFCSTD000000005J	JP	JP0082
PPSA05846_00	10003825	リラックスしてらんない	JP6536-PPSA05846_00-4942882770648283	JP	JP6536
PPSA05848_00	10002720	パラダイスキラー	JP7374-PPSA05848_00-6902152850131456	JP	JP7374
PPSA05864_00	10003009	PAPER DOLLS 2 SOUNDTRACK	JP2885-PPSA05864_00-4183965570010355	JP	JP2885
PPSA05868_00	10003009	PAPER DOLLS 2 ART-BOOK	JP2885-PPSA05868_00-7523846604095461	JP	JP2885
PPSA05872_00	10001520	戦場のフーガ - デラックスエディションアプリ	JP4566-PPSA05872_00-SOUNDTRACK000000	JP	JP4566
PPSA05883_00	10003580	The DioField Chronicle 体験版	JP0082-PPSA05883_00-DFCDEMO00000005J	JP	JP0082
PPSA05924_00	10004195	STAR OCEAN THE DIVINE FORCE	JP0082-PPSA05924_00-STAROCEAN6PS5000	JP	JP0082
PPSA05950_00	10004207	Bat Boy	JP5889-PPSA05950_00-5380183821587398	JP	JP5889
PPSA05996_00	10000846	FORSPOKEN Digital Mini Soundtrack	JP0082-PPSA05996_00-3215928892617048	JP	JP0082
PPSA06000_00	10000846	FORSPOKEN Digital Mini Art Book	JP0082-PPSA06000_00-7007594838096667	JP	JP0082
PPSA06002_00	10003159	Treasures of the Aegean	JP0165-PPSA06002_00-TREASURES00PS5JP	JP	JP0165
PPSA06029_00	10000245	Task Force Kampas	JP0078-PPSA06029_00-TASKFORCEKAMPAS0	JP	JP0078
PPSA06033_00	10001508	Takotan	JP0078-PPSA06033_00-TKTN000000000000	JP	JP0078
PPSA06037_00	10000261	Null Drifter	JP0078-PPSA06037_00-NULLDRIFTERGAME0	JP	JP0078
PPSA06041_00	10000260	Red Death	JP0078-PPSA06041_00-REDDEATHGAME0000	JP	JP0078
PPSA06045_00	10000679	Pity Pit	JP0078-PPSA06045_00-PITYPITGAME00000	JP	JP0078
PPSA06067_00	235228	Grizzland	JP0078-PPSA06067_00-GRIZZLANDGAME000	JP	JP0078
PPSA06091_00	10001886	英雄伝説 黎の軌跡	JP0425-PPSA06091_00-EDKURONOKISEKI01	JP	JP0425
PPSA06099_00	10003301	GigaBash	JP5232-PPSA06099_00-GIGABASH0JAPAN05	JP	JP5232
PPSA06120_00	10004271	モトローダーMC	JP1190-PPSA06120_00-RAGAMOTOROADERMC	JP	JP1190
PPSA06130_00	10004220	コンバージェンス：リーグ・オブ・レジェンド ストーリー™	JP6525-PPSA06130_00-CONVERGENCELOLJP	JP	JP6525
PPSA06132_00	10002027	春ゆきてレトロチカ 体験版		JP	JP0082
PPSA06153_00	10003186	アーキタイプ・アーカディア 体験版	JP0013-PPSA06153_00-JP0AACADIA00DPS5	JP	JP0013
PPSA06169_00	10002854	DNF DUEL	JP3725-PPSA06169_00-DNFDUELWHOISNEXT	JP	JP3725
PPSA06171_00	10004272	アンビションレコード	JP0013-PPSA06171_00-JP0AMBITION00PS5	JP	JP0013
PPSA06175_00	10004265	The Walking Zombie 2	JP6994-PPSA06175_00-0363937360006367	JP	JP6994
PPSA06195_00	235242	ONE PIECE ODYSSEY(体験版)		JP	JP0700
PPSA06215_00	231374	Outward: Definitive Edition	JP0108-PPSA06215_00-OUTWARDDEFJP0000	JP	JP0108
PPSA06223_00	10004322	Miasma Chronicles	JP0114-PPSA06223_00-MIASMA0000000000	JP	JP0114
PPSA06226_00	10004123	クアリー ～悪夢のサマーキャンプ	JP0230-PPSA06226_00-7611067723901903	JP	JP0230
PPSA06256_00	229899	Biomutant	JP2880-PPSA06256_00-BIOMUTANT0000000	JP	JP2880
PPSA06271_00	10004351	Cosmos Bit	JP1190-PPSA06271_00-RATAGAMCOSMOSBIT	JP	JP1190
PPSA06296_00	235097	SCARLET NEXUS Story Demo	JP0700-PPSA06296_00-SCRLTNXSTRIAL001	JP	JP0700
PPSA06321_00	10004394	サルゲッチュ	JP9000-PPSA06321_00-SCPS100910000000	JP	JP9000
PPSA06324_00	10004395	Syphon Filter (サイフォン・フィルター)	JP9000-PPSA06324_00-SLPS022160000000	JP	JP9000
PPSA06348_00	10004411	みんなのＧＯＬＦ	JP9000-PPSA06348_00-SCPS100420000000	JP	JP9000
PPSA06351_00	10004409	ワイルドアームズ	JP9000-PPSA06351_00-SCPS100280000000	JP	JP9000
PPSA06357_00	10004410	I.Q インテリジェントキューブ	JP9000-PPSA06357_00-SCPS910680000000	JP	JP9000
PPSA06360_00	10004413	ジャンピングフラッシュ!	JP9000-PPSA06360_00-SCPM850010000000	JP	JP9000
PPSA06363_00	10001070	SOUL HACKERS 25th Anniversary Music Album	JP0005-PPSA06363_00-25THMUSICALBUM00	JP	JP0005
PPSA06364_00	10001070	SOUL HACKERS 25th Anniversary Book	JP0005-PPSA06364_00-25THDIGITALBOOK0	JP	JP0005
PPSA06372_00	10003416	Immortus Temporus	JP0078-PPSA06372_00-IMMORTUSTEMPORUS	JP	JP0078
PPSA06376_00	10000337	聖塔神記 トリニティトリガー	JP0536-PPSA06376_00-TRINITYPS5000000	JP	JP0536
PPSA06387_00	10004428	VALKYRIE ELYSIUM	JP0082-PPSA06387_00-VEPS5JP000000001	JP	JP0082
PPSA06388_00	10002956	ソニックフロンティア	JP0177-PPSA06388_00-SONICRANGERS0000	JP	JP0177
PPSA06401_00	10004441	Graze Counter GM	JP7473-PPSA06401_00-SANUKINC0001GCGM	JP	JP7473
PPSA06450_00	10002650	In Nightmare	JP2151-PPSA06450_00-INNIGHTMARE000JP	JP	JP2151
PPSA06452_00	10004480	龍が如く 維新！ 極	JP0177-PPSA06452_00-ISHIN00000000000	JP	JP0177
PPSA06473_00	10000588	ロストドラゴン	JP0013-PPSA06473_00-JP0LDRAGON000PS5	JP	JP0013
PPSA06495_00	10004502	Escape Academy	JP2793-PPSA06495_00-ESCAPEACADEMYP5J	JP	JP2793
PPSA06519_00	232049	Ice Cream Surfer	JP0078-PPSA06519_00-ICECREAMSURFER00	JP	JP0078
PPSA06523_00	10002670	超次元ゲイム ネプテューヌ Sisters vs Sisters デジタルアートブック	JP0031-PPSA06523_00-DXCONTENTART0001	JP	JP0031
PPSA06525_00	10004508	ヴァルキリープロファイル −レナス−	JP0082-PPSA06525_00-VPRPS5JP00000001	JP	JP0082
PPSA06529_00	10001182	ドラゴンラピス	JP0013-PPSA06529_00-JP0DLAPIS0000PS5	JP	JP0013
PPSA06536_00	225700	SKULL AND BONES™	JP0001-PPSA06536_00-SIEJINTERNALTT02	JP	JP0001
PPSA06540_00	10001520	戦場のフーガ 体験版	JP4566-PPSA06540_00-FUGATRIAL0000000	JP	JP4566
PPSA06542_00	10003340	DEADCRAFT 体験版	JP0507-PPSA06542_00-DMX0000000000000	JP	JP0507
PPSA06578_00	10004524	HundredDays - Winemaking Simulator	JP3217-PPSA06578_00-7484007890405602	JP	JP3217
PPSA06586_00	10004529	Ikai	JP6412-PPSA06586_00-4563139459176631	JP	JP6412
PPSA06587_00	10004532	フェアリーフェンサー エフ Refrain Chord	JP0031-PPSA06587_00-CHFFFTGAME000001	JP	JP0031
PPSA06662_00	10003581	Smoots Golf	JP0078-PPSA06662_00-SMOOTSGOLF000000	JP	JP0078
PPSA06675_00	10003540	風のクロノア 1&2アンコール 体験版	JP0700-PPSA06675_00-KLONOA12DEMO0000	JP	JP0700
PPSA06679_00	234859	Relayer Trial Version	JP0117-PPSA06679_00-RELAYERTRIAL0000	JP	JP0117
PPSA06681_00	10002585	STRANGER OF PARADISE FINAL FANTASY ORIGIN DEMO VERSION	JP0082-PPSA06681_00-SOPFFODEMO000000	JP	JP0082
PPSA06683_00	10004596	英雄伝説 黎の軌跡Ⅱ -CRIMSON SiN-	JP0425-PPSA06683_00-EDKURONOKISEKI02	JP	JP0425
PPSA06701_00	10004604	みんなのＧＯＬＦ2	JP9000-PPSA06701_00-SCPS911970000000	JP	JP9000
PPSA06704_00	10004605	レジェンド・オブ・ドラグーン	JP9000-PPSA06704_00-SCPS101190000000	JP	JP9000
PPSA06727_00	10003899	Speedway Racing	JP5432-PPSA06727_00-9311721057772944	JP	JP5432
PPSA06739_00	10004629	Pretty Girls Breakers!	JP0078-PPSA06739_00-PGBREAKERS000000	JP	JP0078
PPSA06741_00	10001302	ジョジョの奇妙な冒険 オールスターバトル R 期間限定 早期体験版	JP0700-PPSA06741_00-JOJOASBRDEMO0000	JP	JP0700
PPSA06742_00	10004006	Fobia - St. Dinfna Hotel	JP2151-PPSA06742_00-FOBIA00000000000	JP	JP2151
PPSA06748_00	10004630	Pretty Girls Rivers	JP0078-PPSA06748_00-PGRIVERS00000000	JP	JP0078
PPSA06757_00	10004632	アイドルカフェを経営しませんか？２	JP6391-PPSA06757_00-WOULDYOULIKETOR2	JP	JP6391
PPSA06771_00	10002899	The Art And Sound Of The Medium	JP5679-PPSA06771_00-TAASOTM000000000	JP	JP5679
PPSA06793_00	10004655	LocoRoco Midnight Carnival	JP9000-PPSA06793_00-NPJG000340000000	JP	JP9000
PPSA06797_00	10004656	無限回廊	JP9000-PPSA06797_00-UCJS100810000000	JP	JP9000
PPSA06800_00	10003540	風のクロノア デジタルアートブック＆サウンドトラック	JP0700-PPSA06800_00-KLONOA12DELUXE00	JP	JP0700
PPSA06820_00	10004665	Z-Warp	JP0078-PPSA06820_00-ZWARP00000000000	JP	JP0078
PPSA06824_00	10004666	Drunken Fist 2: Zombie Hangover	JP0078-PPSA06824_00-DRUNKENFIST20000	JP	JP0078
PPSA06864_00	10003668	ホワイト・シャドーズ	JP0211-PPSA06864_00-CHORUSPS50000002	JP	JP0211
PPSA06871_00	10003456	A Musical Story	JP0078-PPSA06871_00-AMUSICALSTORY000	JP	JP0078
PPSA06884_00	10004699	スター・ウォーズ：テールズ・フロム・ザ・ギャラクシーズ・エッジ - 拡張版	JP1780-PPSA06884_00-CHALUPA000000000	JP	JP1780
PPSA06886_00	10003943	What Lies in the Multiverse	JP5134-PPSA06886_00-MULTIVERSEJAPAN2	JP	JP5134
PPSA06906_00	10004710	グーニャモンスター	JP0041-PPSA06906_00-GNMONSTER0000000	JP	JP0041
PPSA06910_00	10003452	イクストナ戦記	JP0013-PPSA06910_00-JP0IXTONA0000PS5	JP	JP0013
PPSA06913_00	10004516	Retro Pixel Racers	JP0078-PPSA06913_00-RETROPIXELRACERS	JP	JP0078
PPSA06992_00	10004747	龍炎高校伝説コレクション	JP1190-PPSA06992_00-RGDRAGONFLAMEHIG	JP	JP1190
PPSA07027_00	10004717	インフィニットリンクス	JP0013-PPSA07027_00-JP0INFINITEL0PS5	JP	JP0013
PPSA07051_00	10004780	コーヒートーク エピソード2：ハイビスカス＆バタフライ	JP0211-PPSA07051_00-5345491085292269	JP	JP0211
PPSA07059_00	10000684	DEATHVERSE: LET IT DIE (Network Test)	JP0747-PPSA07059_00-EAGAPP0000000000	JP	JP0747
PPSA07083_00	232935	THE DARK PICTURES: MAN OF MEDAN（マン・オブ・メダン）	JP0700-PPSA07083_00-SMGDARKPICTURESA	JP	JP0700
PPSA07095_00	233621	Mount & Blade II: Bannerlord	JP0108-PPSA07095_00-MB2BANNERLORD000	JP	JP0108
PPSA07098_00	235232	Dark Pictures Anthology: Little Hope	JP0700-PPSA07098_00-SMGDARKPICTURESB	JP	JP0700
PPSA07137_00	10004813	Star Strike Portable	JP9000-PPSA07137_00-NPJG000130000000	JP	JP9000
PPSA07177_00	10004828	8Doors: Arum's Afterlife Adventure	JP1942-PPSA07177_00-2976399128693776	JP	JP1942
PPSA07187_00	10001615	Street Fighter 6 Demo		JP	JP0102
PPSA07189_00	10003302	冤罪執行遊戯ユルキル 体験版	JP6079-PPSA07189_00-YURUKILLJDEMOPS5	JP	JP6079
PPSA07209_00	10004853	Blow & Fly	JP0078-PPSA07209_00-BLOWANDFLY000000	JP	JP0078
PPSA07215_00	10004858	蒼き雷霆 ガンヴォルト 鎖環	JP1368-PPSA07215_00-GV3PSAPP00000000	JP	JP1368
PPSA07232_00	10004865	Assassin's Creed® Mirage		JP	JP0001
PPSA07233_00	10004845	Mathland	JP6169-PPSA07233_00-9171643396018200	JP	JP6169
PPSA07253_00	10004701	Just Dance®	JP0001-PPSA07253_00-JDNEXTPS5SIEJ000	JP	JP0001
PPSA07297_00	10004876	ロマンシング サガ -ミンストレルソング- リマスター	JP0082-PPSA07297_00-MINSTRELSONG0000	JP	JP0082
PPSA07319_00	10003346	Dungeons Of The Deep	JP7248-PPSA07319_00-4219698325884051	JP	JP7248
PPSA07329_00	10004758	Bloodwash	JP6727-PPSA07329_00-4870853324083286	JP	JP6727
PPSA07342_00	10004912	Tales of the Neon Sea	JP7510-PPSA07342_00-8971437752119551	JP	JP7510
PPSA07375_00	10004520	Micro Pico Racers	JP0078-PPSA07375_00-MICROPICORACER00	JP	JP0078
PPSA07376_00	10004519	Galactic Wars EX	JP0078-PPSA07376_00-GALACTICWARS0000	JP	JP0078
PPSA07377_00	217487	Monster Boy and the Cursed Kingdom	JP0036-PPSA07377_00-MONSTERBOYATCK00	JP	JP0036
PPSA07413_00	10004473	BIOHAZARD RE:4	JP0102-PPSA07413_00-RE4RMAINGAME0000	JP	JP0102
PPSA07414_00	10004188	ダンジョンマンチーズ	JP0211-PPSA07414_00-1722905143667050	JP	JP0211
PPSA07429_00	10004928	LOST EPIC	JP1090-PPSA07429_00-7625443562664902	JP	JP1090
PPSA07448_00	10003862	Way of the Hunter	JP2880-PPSA07448_00-WAYOFTHEHUNTER00	JP	JP2880
PPSA07454_00	10004305	Retro Highway	JP4731-PPSA07454_00-9755468374780462	JP	JP4731
PPSA07471_00	10004984	Black Wolf	JP0078-PPSA07471_00-BLACKWOLF0000000	JP	JP0078
PPSA07475_00	10004985	Pretty Girls Speed	JP0078-PPSA07475_00-PGSPEED000000000	JP	JP0078
PPSA07477_00	10004210	WAIFU IMPACT	JP0078-PPSA07477_00-WAIFUIMPACT00000	JP	JP0078
PPSA07488_00	10004992	REMOTE LIFE	JP1190-PPSA07488_00-RATAGAREMOTELIFE	JP	JP1190
PPSA07538_00	10005028	天地の門	JP9000-PPSA07538_00-UCJS100100000000	JP	JP9000
PPSA07548_00	10005031	時限回廊	JP9000-PPSA07548_00-UCJS100960000000	JP	JP9000
PPSA07558_00	10005034	勇者のくせになまいきだ：3D	JP9000-PPSA07558_00-UCJS101090000000	JP	JP9000
PPSA07578_00	10004267	ノーモア★ヒーローズ3	JP0507-PPSA07578_00-NOMOREHEROES3002	JP	JP0507
PPSA07591_00	10003349	新・熱血硬派くにおたちの挽歌　-with River City Girls Extra-	JP0036-PPSA07591_00-RIVERCITYGIRLS00	JP	JP0036
PPSA07596_00	10004787	魔界戦記ディスガイア７	JP0404-PPSA07596_00-DISGAEA700000001	JP	JP0404
PPSA07604_00	10005048	ダンディー＆ランディー DX	JP1190-PPSA07604_00-RAGADANDYRANDYDX	JP	JP1190
PPSA07611_00	10003533	仙剣奇侠伝 : 守り合い	JP5187-PPSA07611_00-9693477632287862	JP	JP5187
PPSA07628_00	10004765	デビラビローグ	JP0013-PPSA07628_00-JP0OVERROGUE0PS5	JP	JP0013
PPSA07643_00	10002694	The Last of Us™ Part I	JP9000-PPSA07643_00-THELASTOFUSPART1	JP	JP9000
PPSA07658_00	10001225	Park Beyond		JP	JP0700
PPSA07666_00	10004428	VALKYRIE ELYSIUM -体験版-	JP0082-PPSA07666_00-VEPS5DEMOJP00001	JP	JP0082
PPSA07667_00	10001128	リサーチ・アンド・デストロイ 体験版	JP0365-PPSA07667_00-RESEARCHNDESTROY	JP	JP0365
PPSA07693_00	10005097	Ridge Racers 2	JP0700-PPSA07693_00-ULJS000800000000	JP	JP0700
PPSA07697_00	10005099	Ｒ４　リッジ・レーサー・タイプ４	JP0700-PPSA07697_00-SLPS018000000000	JP	JP0700
PPSA07701_00	10005100	鉄拳２	JP0700-PPSA07701_00-SLPS003000000000	JP	JP0700
PPSA07717_00	10005104	ミスタードリラー	JP0700-PPSA07717_00-SLPS026000000000	JP	JP0700
PPSA07726_00	227353	Energy Cycle	JP1932-PPSA07726_00-SYPS5ENERGYCYCLE	JP	JP1932
PPSA07731_00	10002044	ドラえもん のび太の牧場物語 大自然の王国とみんなの家 デジタルサウンドトラック	JP0700-PPSA07731_00-DRFM2DIR00000000	JP	JP0700
PPSA07745_00	10005119	サクラ･サキュバス５ ～異郷の魅惑～	JP6391-PPSA07745_00-SAKURASUCCUBUS50	JP	JP6391
PPSA07758_00	10002044	ドラえもん のび太の牧場物語 大自然の王国とみんなの家 体験版		JP	JP0700
PPSA07763_00	10005126	オクトパストラベラー II	JP0082-PPSA07763_00-OCTOPATH2PS5J000	JP	JP0082
PPSA07781_00	10004532	フェアリーフェンサー エフ Refrain Chord　デジタルアートブック	JP0031-PPSA07781_00-CHFFFTGAMEDLC002	JP	JP0031
PPSA07782_00	10004532	フェアリーフェンサーエフ Refrain Chord デジタルサウンドトラック	JP0031-PPSA07782_00-CHFFFTGAMEDLC003	JP	JP0031
PPSA07795_00	10005026	Super Perils of Baking	JP4676-PPSA07795_00-7152431809649524	JP	JP4676
PPSA07807_00	10004142	CRISIS CORE –FINAL FANTASY VII– REUNION	JP0082-PPSA07807_00-CRISISCORE000000	JP	JP0082
PPSA07834_00	10003231	Salt and Sacrifice	JP0916-PPSA07834_00-4047808770493861	JP	JP0916
PPSA07841_00	10001203	モノクロームメビウス 刻ノ代贖 デジタルビジュアルブック＆サウンドトラック「Prelude」	JP0761-PPSA07841_00-MMTOKINOTAIKAAP1	JP	JP0761
PPSA07853_00	10004200	Tip Top	JP1932-PPSA07853_00-SYPS5TIPTOPDONTF	JP	JP1932
PPSA07857_00	10004198	Behind Closed Doors	JP1932-PPSA07857_00-SYPS5BEHINDCLOSE	JP	JP1932
PPSA07868_00	10004567	Amazing Superhero Squad	JP1932-PPSA07868_00-SYPS5AMAZINGSUPE	JP	JP1932
PPSA07871_00	10004199	Almost My Floor	JP1932-PPSA07871_00-SYPS5ALMOSTMYFLO	JP	JP1932
PPSA07873_00	233571	A Winter's Daydream	JP1932-PPSA07873_00-SYPS5AWINTERSDAY	JP	JP1932
PPSA07877_00	10003580	The DioField Chronicle オリジナルサウンドトラック	JP0082-PPSA07877_00-DFC0SOUNDTRACK5J	JP	JP0082
PPSA07878_00	10003580	The DioField Chronicle デジタルアートブック	JP0082-PPSA07878_00-DFC0000ARTBOOK5J	JP	JP0082
PPSA07901_00	10004719	Mummy Pinball	JP5432-PPSA07901_00-4627624642040233	JP	JP5432
PPSA07902_00	10004178	8-Ball Pocket	JP5432-PPSA07902_00-8782452303913481	JP	JP5432
PPSA07907_00	10004659	Touchdown Pinball	JP5432-PPSA07907_00-6821745665287401	JP	JP5432
PPSA07908_00	10004673	Darts Up	JP5432-PPSA07908_00-0060439232711292	JP	JP5432
PPSA07924_00	10005095	SurfaceRush	JP0078-PPSA07924_00-SURFACERUSH00000	JP	JP0078
PPSA07927_00	10002292	Disco Elysium	JP0365-PPSA07927_00-7528607275032440	JP	JP0365
PPSA07929_00	10004570	Speed Truck Racing	JP5432-PPSA07929_00-1731603028845503	JP	JP5432
PPSA07935_00	10005204	Medieval Dynasty	JP3736-PPSA07935_00-MEDIEVALDYNPS5JP	JP	JP3736
PPSA07952_00	10001130	Call of Duty®: Modern Warfare II	JP9201-PPSA07952_00-COREGAME00000001	JP	JP9201
PPSA07960_00	232708	Tetris® Effect: Connected	JP1049-PPSA07960_00-TETRISEFFECT0000	JP	JP1049
PPSA07976_00	230658	World War Z Aftermath	JP1561-PPSA07976_00-WWZTHEGAME2021JP	JP	JP1561
PPSA07978_00	221753	Rock 'N Racing Off Road DX	JP5432-PPSA07978_00-2624314657759828	JP	JP5432
PPSA07979_00	221699	Grand Prix Rock 'N Racing	JP5432-PPSA07979_00-7644426244133750	JP	JP5432
PPSA07982_00	10001647	Bullet Beat	JP4731-PPSA07982_00-2222024929712283	JP	JP4731
PPSA07999_00	10005231	牧場物語 ～ハーベストムーン	JP0507-PPSA07999_00-SLPS024890000000	JP	JP0507
PPSA08006_00	10003925	Gunborg: Dark Matters	JP0078-PPSA08006_00-GUNBORG000000000	JP	JP0078
PPSA08030_00	10002100	FINAL FANTASY XVI		JP	JP0082
PPSA08036_00	10005250	モンスターハンターライズ	JP0102-PPSA08036_00-FULLGAME00000001	JP	JP0102
PPSA08068_00	10004581	マリンエクスプレス殺人事件	JP1309-PPSA08068_00-MARINEEXPPS5JP00	JP	JP1309
PPSA08071_00	10005262	Sherlock Holmes The Awakened	JP4860-PPSA08071_00-SH3THEAWAKENEDUA	JP	JP4860
PPSA08081_00	233235	ドラゴンボールZ KAKAROT	JP0700-PPSA08081_00-ATREMASTER001PS5	JP	JP0700
PPSA08117_00	10004822	Hourglass	JP6801-PPSA08117_00-HOURGLASS0000000	JP	JP6801
PPSA08125_00	10001825	MEGALAN 11	JP1932-PPSA08125_00-SYPS5MEGALAN1100	JP	JP1932
PPSA08127_00	10004565	Witchcrafty	JP1932-PPSA08127_00-SYPS5WITCHCRAFTY	JP	JP1932
PPSA08129_00	10004568	Succubus With Guns	JP1932-PPSA08129_00-SYPS5SUCCUBUSGUN	JP	JP1932
PPSA08131_00	10003008	Music Racer Ultimate	JP1932-PPSA08131_00-SYPS5MUSICRACERU	JP	JP1932
PPSA08133_00	10003068	Alveole	JP1932-PPSA08133_00-SYPS5ALVEOLE0000	JP	JP1932
PPSA08138_00	10004195	STAR OCEAN THE DIVINE FORCE 体験版		JP	JP0082
PPSA08153_00	10005288	フェアリーエレメンツ	JP0013-PPSA08153_00-JP0FAIRYE0000PS5	JP	JP0013
PPSA08154_00	10002057	アスディバインクロス	JP0013-PPSA08154_00-JP0ACROSS0000PS5	JP	JP0013
PPSA08157_00	10002739	オートノーツ	JP7741-PPSA08157_00-AUTONAUTSPS5JP00	JP	JP7741
PPSA08161_00	10004916	Blind Fate: Edo no Yami	JP4691-PPSA08161_00-4072258558783355	JP	JP4691
PPSA08170_00	10002828	Summertime Madness	JP1932-PPSA08170_00-SYPS5SUMMERTIMEM	JP	JP1932
PPSA08172_00	10002858	Catty And Batty The Spirit Guide	JP1932-PPSA08172_00-SYPS5CATTYNBATTY	JP	JP1932
PPSA08174_00	10005296	風乗り勇者の物語	JP0013-PPSA08174_00-JP0WINDORIA00PS5	JP	JP0013
PPSA08176_00	10005297	LIVE A LIVE	JP0082-PPSA08176_00-PS5JP00LIVEALIVE	JP	JP0082
PPSA08180_00	10005190	Square Keeper	JP0078-PPSA08180_00-SQUAREKEEPER0000	JP	JP0078
PPSA08192_00	235138	Fight'N Rage	JP0078-PPSA08192_00-FIGHTNRAGE000000	JP	JP0078
PPSA08218_00	10005313	Space KaBAAM 2	JP7323-PPSA08218_00-4278017489551109	JP	JP7323
PPSA08234_00	10005315	Paddles	JP5986-PPSA08234_00-1078702002004836	JP	JP5986
PPSA08241_00	10005283	Alone in the Dark		JP	JP2880
PPSA08251_00	10004829	Superola Champion Edition	JP0078-PPSA08251_00-SUPEROLACE000000	JP	JP0078
PPSA08258_00	216627	Overwatch 2 Beta	JP0082-PPSA08258_00-OWPVPBETA0000000	JP	JP0082
PPSA08259_00	216627	PS5 Overwatch: Origins Edition Tracker	JP0082-PPSA08259_00-000000000PS5OWOE	JP	JP0082
PPSA08271_00	10004778	Final Vendetta	JP5592-PPSA08271_00-FINALVENDEPS5JPN	JP	JP5592
PPSA08308_00	10004131	Broken Pieces	JP6636-PPSA08308_00-0262633899789204	JP	JP6636
PPSA08323_00	10005354	ロング・リブ・ザ・クイーン ～女王への道しるべ～	JP1190-PPSA08323_00-RGLONGLIVETHEQUE	JP	JP1190
PPSA08327_00	10005355	Parasite Pack	JP1190-PPSA08327_00-RATAPARASITEPACK	JP	JP1190
PPSA08333_00	10001850	ゴッド・オブ・ウォー ラグナロク	JP9000-PPSA08333_00-GOWRAGNAROK00000	JP	JP9000
PPSA08352_00	10004928	LOST EPIC -Digital Artbook & Soundtrack-	JP1090-PPSA08352_00-7214674935006395	JP	JP1090
PPSA08374_00	10001706	クリスタルオーサ	JP0013-PPSA08374_00-JP0CORTHA0000PS5	JP	JP0013
PPSA08377_00	10005374	ザ・ランブルフィッシュ2	JP4236-PPSA08377_00-TRF20000000PS5JP	JP	JP4236
PPSA08388_00	10001043	I, AI	JP1932-PPSA08388_00-SYPS5IAI00000000	JP	JP1932
PPSA08412_00	10002388	Super Toy Cars Offroad	JP1134-PPSA08412_00-2840414859550744	JP	JP1134
PPSA08435_00	10005397	ファンタズム	JP1190-PPSA08435_00-RGAVENGINGSPIRIT	JP	JP1190
PPSA08444_00	10004201	Why Pizza	JP1932-PPSA08444_00-SYPS5WHYPIZZA000	JP	JP1932
PPSA08462_00	10005410	Kid Ball Adventure	JP0078-PPSA08462_00-KIDBALLADVENTURE	JP	JP0078
PPSA08516_00	10000950	Path of Titans	JP5486-PPSA08516_00-1717536498410927	JP	JP5486
PPSA08522_00	10005432	ライザのアトリエ３ ～終わりの錬金術士と秘密の鍵～	JP0106-PPSA08522_00-RYZA300000MASTER	JP	JP0106
PPSA08544_00	10003659	Quick Mafs	JP7309-PPSA08544_00-0138062088223021	JP	JP7309
PPSA08548_00	234750	Insomnis	JP1111-PPSA08548_00-4869270021548955	JP	JP1111
PPSA08557_00	10003353	Dakar Desert Rally	JP4236-PPSA08557_00-DKRGAMEPS50000JP	JP	JP4236
PPSA08590_00	10001340	The Sinking City Digital Artbook	JP4860-PPSA08590_00-TSCGAMEARTBOOKUA	JP	JP4860
PPSA08615_00	10005486	Frogo	JP7649-PPSA08615_00-7609219733816475	JP	JP7649
PPSA08619_00	10005380	Lump Jump	JP7649-PPSA08619_00-1628243364467594	JP	JP7649
PPSA08628_00	10005500	Arenas Of Tanks	JP1190-PPSA08628_00-RAGARENASOFTANKS	JP	JP1190
PPSA08630_00	10004005	The Pig D	JP7309-PPSA08630_00-7823816919394675	JP	JP7309
PPSA08632_00	10004183	The Ketchup story	JP7309-PPSA08632_00-1227837024100666	JP	JP7309
PPSA08634_00	10004331	Santa's workshop	JP7309-PPSA08634_00-1668328459665795	JP	JP7309
PPSA08636_00	10004523	Rainbow	JP7309-PPSA08636_00-9410205908859032	JP	JP7309
PPSA08638_00	10004527	The Sheep P	JP7309-PPSA08638_00-7275365020381155	JP	JP7309
PPSA08640_00	10004528	The Chick C	JP7309-PPSA08640_00-7494885570474608	JP	JP7309
PPSA08642_00	10004743	The Cow G	JP7309-PPSA08642_00-9637267162680320	JP	JP7309
PPSA08644_00	10004746	Quick Mafs Advanced	JP7309-PPSA08644_00-7118388606933543	JP	JP7309
PPSA08646_00	10005068	The Pigeon P	JP7309-PPSA08646_00-1671252824511899	JP	JP7309
PPSA08648_00	10005123	The Slovak Run	JP7309-PPSA08648_00-0552304735900326	JP	JP7309
PPSA08650_00	10005194	The Bat D	JP7309-PPSA08650_00-7742171651221563	JP	JP7309
PPSA08652_00	10005195	The Dog K	JP7309-PPSA08652_00-1546435575702764	JP	JP7309
PPSA08654_00	10005286	The Wine Story	JP7309-PPSA08654_00-5607257354865027	JP	JP7309
PPSA08656_00	10005358	The Czech Run	JP7309-PPSA08656_00-6498977367350054	JP	JP7309
PPSA08658_00	10005359	Weben Blocks	JP7309-PPSA08658_00-3041266450808812	JP	JP7309
PPSA08660_00	10005414	The Bronze Age	JP7309-PPSA08660_00-2369959869876798	JP	JP7309
PPSA08662_00	10005444	The Spidy D	JP7309-PPSA08662_00-2521153093146646	JP	JP7309
PPSA08685_00	10004724	Kruger	JP7649-PPSA08685_00-3958413161244061	JP	JP7649
PPSA08691_00	10005461	Unichrome: A 1-Bit Unicorn Adventure	JP4731-PPSA08691_00-7623243579321155	JP	JP4731
PPSA08700_00	10005513	ワイルドアームズ　セカンドイグニッション	JP9000-PPSA08700_00-SCPS100890000000	JP	JP9000
PPSA08724_00	10005535	Rainbow Advanced	JP7309-PPSA08724_00-6319916347686863	JP	JP7309
PPSA08732_00	10001365	Elemental War	JP5718-PPSA08732_00-ELEMENTALWAR0000	JP	JP5718
PPSA08736_00	10001506	Tri6: Infinite	JP5718-PPSA08736_00-TRI6INFINITE0000	JP	JP5718
PPSA08775_00	10001302	ジョジョの奇妙な冒険 オールスターバトル R 体験版	JP0700-PPSA08775_00-JOJOASBRDEMO0001	JP	JP0700
PPSA08784_00	10005561	Voyage	JP1190-PPSA08784_00-RATALAIKAGVOYAGE	JP	JP1190
PPSA08789_00	10005563	Space KaBAAM 3	JP7323-PPSA08789_00-5250279095554131	JP	JP7323
PPSA08794_00	10005559	Blade Assault	JP6412-PPSA08794_00-2764269781423407	JP	JP6412
PPSA08806_00	10003208	Dawn of the Monsters	JP0075-PPSA08806_00-DOTM0000PS5000JP	JP	JP0075
PPSA08814_00	10005575	The Basketball B	JP7309-PPSA08814_00-3407329619503405	JP	JP7309
PPSA08818_00	235235	BIOHAZARD VILLAGE GOLD EDITION Gameplay Demo		JP	JP0102
PPSA08822_00	10005576	Pretty Girls Four Kings Solitaire	JP0078-PPSA08822_00-PG4KINGSSOLITAIR	JP	JP0078
PPSA08826_00	10001203	モノクロームメビウス 刻ノ代贖 体験版		JP	JP0761
PPSA08843_00	10005588	Gump Jump	JP7649-PPSA08843_00-0521359193591191	JP	JP7649
PPSA08847_00	10005589	The Bear B	JP7309-PPSA08847_00-9970427328300644	JP	JP7309
PPSA08851_00	10005590	The Whiskey Story	JP7309-PPSA08851_00-3822521546969610	JP	JP7309
PPSA08855_00	10005591	The Silver Age	JP7309-PPSA08855_00-8690141439240728	JP	JP7309
PPSA08859_00	10005593	Bump Jump	JP7649-PPSA08859_00-0492718814955781	JP	JP7649
PPSA08879_00	10005603	Weben Blocks 2	JP7309-PPSA08879_00-2000091312534899	JP	JP7309
PPSA08886_00	10005605	Tump Jump	JP7649-PPSA08886_00-7692556656079854	JP	JP7649
PPSA08897_00	10005608	Hindsight	JP2517-PPSA08897_00-HINDSIGHTSIEJ000	JP	JP2517
PPSA08903_00	10005612	The Football T	JP7309-PPSA08903_00-7211416238470518	JP	JP7309
PPSA08906_00	10000271	Century : Age of Ashes	JP5817-PPSA08906_00-0000000000000000	JP	JP5817
PPSA08909_00	10005614	Starsand	JP3736-PPSA08909_00-STARSANDPS5JP000	JP	JP3736
PPSA08913_00	10005615	The Tennis T	JP7309-PPSA08913_00-6855743322887593	JP	JP7309
PPSA08917_00	10005616	The Tiger T	JP7309-PPSA08917_00-6100365618419554	JP	JP7309
PPSA08921_00	10005617	The Giraffe G	JP7309-PPSA08921_00-9088059321883022	JP	JP7309
PPSA08936_00	10005620	Vump Jump	JP7649-PPSA08936_00-7175002208558838	JP	JP7649
PPSA08942_00	10005191	Loot Lite	JP0078-PPSA08942_00-LOOTLITE00000000	JP	JP0078
PPSA08949_00	10005624	みんな大好き塊魂アンコール＋王様プチメモリー PS4＆PS5		JP	JP0700
PPSA08987_00	10005642	Xump Jump	JP7649-PPSA08987_00-4047325620210697	JP	JP7649
PPSA09010_00	10005660	ガッド・デイム・ザ・ガーデン	JP1190-PPSA09010_00-RGGODDAMNTHEGARD	JP	JP1190
PPSA09015_00	10005662	サクラ・MMO ～リアルな現実離れ～	JP6391-PPSA09015_00-SAKURAMMO0000000	JP	JP6391
PPSA09033_00	10004548	The Legend of Bum-bo	JP1392-PPSA09033_00-LEGENDBUMBOJPPS5	JP	JP1392
PPSA09055_00	10005684	Rainbow Mix	JP7309-PPSA09055_00-6445919405601033	JP	JP7309
PPSA09059_00	10005687	The Hippo G	JP7309-PPSA09059_00-5514992647760908	JP	JP7309
PPSA09069_00	10005691	Nump Jump	JP7649-PPSA09069_00-1591807025654186	JP	JP7649
PPSA09073_00	10005692	白銀ノルニール	JP0013-PPSA09073_00-JP0SNORNIR000PS5	JP	JP0013
PPSA09082_00	10005695	The Pig Quiz	JP7309-PPSA09082_00-8066785316201810	JP	JP7309
PPSA09087_00	10005697	The Sheep Quiz	JP7309-PPSA09087_00-0184080048897896	JP	JP7309
PPSA09104_00	10005706	Rainbow Mix Advanced	JP7309-PPSA09104_00-2507340355688252	JP	JP7309
PPSA09118_00	10005708	Snow Journey	JP7958-PPSA09118_00-1806747138783464	JP	JP7958
PPSA09122_00	10005709	Monument Journey	JP7958-PPSA09122_00-3543640695720316	JP	JP7958
PPSA09126_00	10005710	Drift Journey	JP7958-PPSA09126_00-5519990473181520	JP	JP7958
PPSA09130_00	10005711	Desert Journey	JP7958-PPSA09130_00-2153750564005405	JP	JP7958
PPSA09138_00	10005717	Fump Jump	JP7649-PPSA09138_00-9761882680036322	JP	JP7649
PPSA09151_00	235159	The Crown Of Wu	JP1111-PPSA09151_00-8097015216309120	JP	JP1111
PPSA09155_00	10003868	Destroy All Humans! 2 - Reprobed Demo		JP	JP2880
PPSA09163_00	221973	Rez Infinite	JP1049-PPSA09163_00-REZINFINITE00PS5	JP	JP1049
PPSA09166_00	10005728	一緒に行きましょう逝きましょう生きましょう	JP0013-PPSA09166_00-JP0IKIMASHOU0PS5	JP	JP0013
PPSA09171_00	10003036	Soulstice	JP1561-PPSA09171_00-SOULSTICE0000000	JP	JP1561
PPSA09175_00	232725	Energy Cycle Edge	JP1932-PPSA09175_00-SYPS5ENCYCLEEDGE	JP	JP1932
PPSA09177_00	233207	Drowning	JP1932-PPSA09177_00-SYPS5DROWNING000	JP	JP1932
PPSA09179_00	233463	OVIVO	JP1932-PPSA09179_00-SYPS5OVIVO000000	JP	JP1932
PPSA09181_00	234743	STELLATUM	JP1932-PPSA09181_00-SYPS5STELLATUM00	JP	JP1932
PPSA09183_00	235309	Active Neurons	JP1932-PPSA09183_00-SYPS5ACTIVENEURO	JP	JP1932
PPSA09185_00	10001075	In rays of the Light	JP1932-PPSA09185_00-SYPS5THELIGHTREM	JP	JP1932
PPSA09187_00	10001641	Escape from Life Inc	JP1932-PPSA09187_00-SYPS5ESCAPELIFEI	JP	JP1932
PPSA09199_00	10001824	Mind Maze	JP1932-PPSA09199_00-SYPS5MINDMAZE000	JP	JP1932
PPSA09201_00	10001826	Dungeons & Bombs	JP1932-PPSA09201_00-SYPS5DUGEONSBOMB	JP	JP1932
PPSA09203_00	10002240	GraviFire	JP1932-PPSA09203_00-SYPS5GRAVIFIRE00	JP	JP1932
PPSA09205_00	10002241	Active Neurons 3	JP1932-PPSA09205_00-SYPS5ACTIVENEUR3	JP	JP1932
PPSA09207_00	10002657	Arkan: The dog adventurer	JP1932-PPSA09207_00-SYPS5ARKANTHEDOG	JP	JP1932
PPSA09215_00	10005735	The Golden Age	JP7309-PPSA09215_00-6078597979703324	JP	JP7309
PPSA09225_00	10005740	The Llama L	JP7309-PPSA09225_00-4472770494194411	JP	JP7309
PPSA09230_00	10005741	The Volleyball B	JP7309-PPSA09230_00-5309040435844632	JP	JP7309
PPSA09239_00	10005743	Qump Jump	JP7649-PPSA09239_00-4051715014067656	JP	JP7649
PPSA09245_00	10004347	Dragon Pinball	JP5432-PPSA09245_00-9691290004806116	JP	JP5432
PPSA09276_00	10005759	Super Ping Pong Trick Shot	JP5432-PPSA09276_00-0578399428299760	JP	JP5432
PPSA09284_00	10005758	Tentacular	JP0110-PPSA09284_00-TENTACULASIEE000	JP	JP0110
PPSA09287_00	10004202	Pnevmo-Capsula	JP1932-PPSA09287_00-SYPS5PNEVMOCAPSU	JP	JP1932
PPSA09293_00	10005768	メガトン級ムサシX（クロス）	JP0720-PPSA09293_00-MGTNXGAMEPS50000	JP	JP0720
PPSA09317_00	10005780	The Forest Quartet	JP1107-PPSA09317_00-3538878936142418	JP	JP1107
PPSA09340_00	10005777	戦場のフーガ2	JP4566-PPSA09340_00-FUGA200000000000	JP	JP4566
PPSA09355_00	10005790	Snow Journey Nitro	JP7958-PPSA09355_00-3297467175687165	JP	JP7958
PPSA09359_00	10005791	Monument Journey: Nitro	JP7958-PPSA09359_00-8537745106751780	JP	JP7958
PPSA09363_00	10005792	Drift Journey Nitro	JP7958-PPSA09363_00-1983365445125524	JP	JP7958
PPSA09367_00	10005793	Desert Journey Nitro	JP7958-PPSA09367_00-9816129418908456	JP	JP7958
PPSA09423_00	10005811	The Penguin P	JP7309-PPSA09423_00-9783978605927746	JP	JP7309
PPSA09431_00	10005814	Shapeu	JP7309-PPSA09431_00-7003262878238345	JP	JP7309
PPSA09446_00	10005821	The Chicken Quiz	JP7309-PPSA09446_00-3125609849150468	JP	JP7309
PPSA09448_00	10005776	ドラゴンプラナ	JP0013-PPSA09448_00-JP0DPRANA0000PS5	JP	JP0013
PPSA09451_00	10005298	Pachi Pachi 2	JP0078-PPSA09451_00-PACHIPACHITWO000	JP	JP0078
PPSA09453_00	10005547	インフィニティ ストラッシュ　ドラゴンクエスト ダイの大冒険 PS4 & PS5		JP	JP0082
PPSA09470_00	10005827	Pacmaga	JP7649-PPSA09470_00-2320060444532643	JP	JP7649
PPSA09475_00	10005828	The Football A	JP7309-PPSA09475_00-7230602642558361	JP	JP7309
PPSA09479_00	10002956	SONIC FRONTIERS デジタルアートブック＆デジタルミニサウンドトラック	JP0177-PPSA09479_00-SONICRANGERSAMAP	JP	JP0177
PPSA09497_00	10005837	ALTAIR BREAKER	JP3403-PPSA09497_00-ALTAIRBREAKERJP0	JP	JP3403
PPSA09501_00	10005843	A Space for the Unbound 心に咲く花	JP0211-PPSA09501_00-6534109074226497	JP	JP0211
PPSA09538_00	10005117	Safari Pinball	JP5432-PPSA09538_00-3237667660099834	JP	JP5432
PPSA09539_00	10005427	Abyss	JP5432-PPSA09539_00-8918094390752503	JP	JP5432
PPSA09551_00	10004765	デビラビローグ 体験版	JP0013-PPSA09551_00-JP0OVERROGUEDPS5	JP	JP0013
PPSA09554_00	10002823	The Chant	JP0108-PPSA09554_00-9848760666348724	JP	JP0108
PPSA09556_00	10004029	Horizon Call of the Mountain	JP9000-PPSA09556_00-HZVRCALLMOUNTAIN	JP	JP9000
PPSA09598_00	10005910	Grim Guardians: Demon Purge	JP1368-PPSA09598_00-GGACPSAPP0000000	JP	JP1368
PPSA09631_00	10005929	The Shark T	JP7309-PPSA09631_00-2748127040232322	JP	JP7309
PPSA09635_00	10005930	The Cow Quiz	JP7309-PPSA09635_00-2372989987460017	JP	JP7309
PPSA09639_00	10005931	The Baseball T	JP7309-PPSA09639_00-5717951892335691	JP	JP7309
PPSA09643_00	10005932	The Copper Age	JP7309-PPSA09643_00-4093964908287555	JP	JP7309
PPSA09647_00	10005933	Kruger 2	JP7649-PPSA09647_00-2979427511742785	JP	JP7649
PPSA09649_00	10000748	Mask of Mists	JP1932-PPSA09649_00-SYPS5MASKOFMISTS	JP	JP1932
PPSA09651_00	234491	Pantsu Hunter	JP1932-PPSA09651_00-SYPS5PANTSUHUNTE	JP	JP1932
PPSA09653_00	232209	The Mooseman	JP1932-PPSA09653_00-SYPS5THEMOOSEMAN	JP	JP1932
PPSA09657_00	10005934	Frogo 2	JP7649-PPSA09657_00-3117764864143770	JP	JP7649
PPSA09705_00	10005478	NeverAwake	JP5905-PPSA09705_00-0000000000000000	JP	JP5905
PPSA09714_00	10002606	Company of Heroes 3		JP	JP0177
PPSA09731_00	10000453	GUILTY GEAR -STRIVE- Cross-Platform Open Beta	JP0036-PPSA09731_00-GGSTOBTCRSJP0100	JP	JP0036
PPSA09738_00	10004042	The Dark Pictures: Switchback VR	JP5898-PPSA09738_00-SUPERMASSIVESBVR	JP	JP5898
PPSA09765_00	10002868	Gungrave G.O.R.E	JP0108-PPSA09765_00-0445326219528656	JP	JP0108
PPSA09780_00	10005995	Drag Journey	JP7958-PPSA09780_00-2982412516292994	JP	JP7958
PPSA09784_00	10005996	Drag Journey Nitro	JP7958-PPSA09784_00-5960161596652735	JP	JP7958
PPSA09792_00	10005982	ONI - 空と風の哀歌	JP5784-PPSA09792_00-0000000000000001	JP	JP5784
PPSA09820_00	10006017	Beholder 3	JP3736-PPSA09820_00-BEHOLDER3PS5JP00	JP	JP3736
PPSA09830_00	10006019	Jitsu Squad	JP5849-PPSA09830_00-JITSUSQUADPS5JPX	JP	JP5849
PPSA09834_00	10005311	HEROish	JP7683-PPSA09834_00-8528744417245394	JP	JP7683
PPSA09852_00	10004233	South of the Circle	JP4789-PPSA09852_00-SOUTHOFTHECIRCLE	JP	JP4789
PPSA09859_00	10006030	Platty Bird	JP7649-PPSA09859_00-4439102362650429	JP	JP7649
PPSA09866_00	10006032	Neon White	JP2517-PPSA09866_00-NEONWHITESIEJ000	JP	JP2517
PPSA09876_00	10001615	Street Fighter 6 - Open Beta	JP0102-PPSA09876_00-SF6BETA000000000	JP	JP0102
PPSA09909_00	10006059	サクラ・MMO２ ～明かされし事実～	JP6391-PPSA09909_00-SAKURAMMO2000000	JP	JP6391
PPSA09914_00	10005285	The Jumping Burger	JP6595-PPSA09914_00-1963343769947043	JP	JP6595
PPSA09918_00	10006060	Sprint Journey	JP7958-PPSA09918_00-4333248365406112	JP	JP7958
PPSA09922_00	10006061	Italian Journey	JP7958-PPSA09922_00-9389730176716416	JP	JP7958
PPSA09926_00	10006062	Dirt Journey	JP7958-PPSA09926_00-3497461967760984	JP	JP7958
PPSA09930_00	10006063	Sprint Journey  Nitro	JP7958-PPSA09930_00-4172503193251844	JP	JP7958
PPSA09934_00	10006064	Italian Journey  Nitro	JP7958-PPSA09934_00-8671472364506414	JP	JP7958
PPSA09938_00	10006065	Dirt Journey: Nitro	JP7958-PPSA09938_00-1549560918291483	JP	JP7958
PPSA09942_00	10006066	The Capybara P	JP7309-PPSA09942_00-7489283805256299	JP	JP7309
PPSA09953_00	10006068	Pretty Bird 2	JP7649-PPSA09953_00-0884335470541297	JP	JP7649
PPSA09962_00	10006074	Pretty Bird 3	JP7649-PPSA09962_00-3679061859119368	JP	JP7649
PPSA09972_00	10006076	Pretty Bird 4	JP7649-PPSA09972_00-4761059309293199	JP	JP7649
PPSA09976_00	10006077	Pretty Bird 5	JP7649-PPSA09976_00-7825776881540392	JP	JP7649
PPSA09982_00	10006078	Pretty Bird 6	JP7649-PPSA09982_00-6070597053567550	JP	JP7649
PPSA09996_00	10005959	The Jumping Churros	JP6595-PPSA09996_00-9148083871285794	JP	JP6595
PPSA09998_00	10005960	The Jumping Churros: TURBO	JP6595-PPSA09998_00-4422320775704278	JP	JP6595
PPSA10002_00	10005961	The Jumping Lasagne	JP6595-PPSA10002_00-7246857340898876	JP	JP6595
PPSA10004_00	10005962	The Jumping Lasagne: TURBO	JP6595-PPSA10004_00-6763427289866473	JP	JP6595
PPSA10009_00	10005993	The Jumping Ice Cream	JP6595-PPSA10009_00-2434286674399226	JP	JP6595
PPSA10011_00	10005994	The Jumping Ice Cream: TURBO	JP6595-PPSA10011_00-4314273305669365	JP	JP6595
PPSA10015_00	10006092	The Jumping Pumpkin	JP6595-PPSA10015_00-2282030054728980	JP	JP6595
PPSA10019_00	10006093	The Jumping Pumpkin: TURBO	JP6595-PPSA10019_00-4911662092958460	JP	JP6595
PPSA10060_00	10006102	Christmas Fun	JP0089-PPSA10060_00-8348749822279955	JP	JP0089
PPSA10063_00	10005895	Rally Rock 'N Racing	JP5432-PPSA10063_00-9184483811559294	JP	JP5432
PPSA10070_00	10006106	Halloween Candy Fun	JP0089-PPSA10070_00-5809228748918938	JP	JP0089
PPSA10073_00	10006103	Ping Pong Peg	JP6328-PPSA10073_00-2892747613717192	JP	JP6328
PPSA10080_00	10001095	EXOPRIMAL Open Beta Test	JP0102-PPSA10080_00-EXOPRIMALTRIALXX	JP	JP0102
PPSA10089_00	10006118	The Pigeon Quiz	JP7309-PPSA10089_00-5701444162130782	JP	JP7309
PPSA10126_00	10006136	The Jumping Chicken Wings	JP6595-PPSA10126_00-1774417524832754	JP	JP6595
PPSA10130_00	10006137	The Jumping Chicken Wings: TURBO	JP6595-PPSA10130_00-5356559603479960	JP	JP6595
PPSA10132_00	10005366	The Jumping Pizza	JP6595-PPSA10132_00-1377761306335452	JP	JP6595
PPSA10134_00	10005639	The Jumping Pizza: TURBO	JP6595-PPSA10134_00-4315183114281491	JP	JP6595
PPSA10138_00	10006138	Saint Patrick's Day Fun	JP0089-PPSA10138_00-0560788327883809	JP	JP0089
PPSA10139_00	10005312	The Jumping Taco	JP6595-PPSA10139_00-7258416024126819	JP	JP6595
PPSA10141_00	10005638	The Jumping Taco: TURBO	JP6595-PPSA10141_00-7275892693764474	JP	JP6595
PPSA10143_00	10006095	Cat Fun	JP0089-PPSA10143_00-7796427812237228	JP	JP0089
PPSA10148_00	10005407	The Jumping Fries	JP6595-PPSA10148_00-4982012343215587	JP	JP6595
PPSA10150_00	10005456	The Jumping Fries: TURBO	JP6595-PPSA10150_00-8158590532890870	JP	JP6595
PPSA10152_00	10005503	The Jumping Hot Dog	JP6595-PPSA10152_00-0789293971135136	JP	JP6595
PPSA10154_00	10005504	The Jumping Hot Dog: TURBO	JP6595-PPSA10154_00-0371534726512503	JP	JP6595
PPSA10156_00	10005484	The Jumping Soda	JP6595-PPSA10156_00-0516500573036966	JP	JP6595
PPSA10158_00	10005485	The Jumping Soda: TURBO	JP6595-PPSA10158_00-9452172664875816	JP	JP6595
PPSA10160_00	10005555	The Jumping Sandwich	JP6595-PPSA10160_00-7791375757641577	JP	JP6595
PPSA10162_00	10005556	The Jumping Sandwich: TURBO	JP6595-PPSA10162_00-8436853616615367	JP	JP6595
PPSA10164_00	10005599	The Jumping Burrito	JP6595-PPSA10164_00-2469767630064905	JP	JP6595
PPSA10166_00	10005600	The Jumping Burrito: TURBO	JP6595-PPSA10166_00-9798813380093430	JP	JP6595
PPSA10175_00	10005634	The Jumping Brownie	JP6595-PPSA10175_00-6194647308717853	JP	JP6595
PPSA10177_00	10005635	The Jumping Brownie: TURBO	JP6595-PPSA10177_00-5976540038667979	JP	JP6595
PPSA10179_00	10005632	The Jumping Sushi	JP6595-PPSA10179_00-7766979890195453	JP	JP6595
PPSA10181_00	10005633	The Jumping Sushi: TURBO	JP6595-PPSA10181_00-7684624702820122	JP	JP6595
PPSA10183_00	10005636	The Jumping Nuggets	JP6595-PPSA10183_00-7702048321605079	JP	JP6595
PPSA10185_00	10005637	The Jumping Nuggets: TURBO	JP6595-PPSA10185_00-8130375022620215	JP	JP6595
PPSA10187_00	10005726	The Jumping Noodles	JP6595-PPSA10187_00-0212287883673536	JP	JP6595
PPSA10189_00	10005727	The Jumping Noodles: TURBO	JP6595-PPSA10189_00-5185607525609521	JP	JP6595
PPSA10191_00	10005781	The Jumping Kebab	JP6595-PPSA10191_00-3907948874255398	JP	JP6595
PPSA10193_00	10005782	The Jumping Kebab: TURBO	JP6595-PPSA10193_00-3392219713295752	JP	JP6595
PPSA10195_00	10005818	The Jumping Pasta	JP6595-PPSA10195_00-7366799821289114	JP	JP6595
PPSA10197_00	10005819	The Jumping Pasta: TURBO	JP6595-PPSA10197_00-8169645408840254	JP	JP6595
PPSA10199_00	10005900	The Jumping Coffee	JP6595-PPSA10199_00-6268246102842645	JP	JP6595
PPSA10201_00	10005901	The Jumping Coffee: TURBO	JP6595-PPSA10201_00-0194511163991837	JP	JP6595
PPSA10204_00	10006142	Winning Post 10	JP0106-PPSA10204_00-WP10GAME00000000	JP	JP0106
PPSA10216_00	10006152	The Burger Quiz	JP7309-PPSA10216_00-6020689580694956	JP	JP7309
PPSA10220_00	10006153	The Taco Quiz	JP7309-PPSA10220_00-2873498726604728	JP	JP7309
PPSA10224_00	10006154	Pacmaga 2	JP7649-PPSA10224_00-0518554034247229	JP	JP7649
PPSA10228_00	10006156	The Pizza Quiz	JP7309-PPSA10228_00-7885591277675155	JP	JP7309
PPSA10233_00	10004699	[デモ] スター・ウォーズ：テールズ・フロム・ザ・ギャラクシーズ・エッジ - 拡張版		JP	JP1780
PPSA10239_00	10004787	魔界戦記ディスガイア７ 体験版		JP	JP0404
PPSA10252_00	10006162	The Basketball Quiz	JP7309-PPSA10252_00-9153594762726336	JP	JP7309
PPSA10256_00	10006163	The Halloween Story	JP7309-PPSA10256_00-3792066770938309	JP	JP7309
PPSA10276_00	10006174	零 ～月蝕の仮面～	JP0106-PPSA10276_00-APPZEROMOL000000	JP	JP0106
PPSA10289_00	10006178	The Rice Story	JP7309-PPSA10289_00-4011723131739391	JP	JP7309
PPSA10293_00	10005707	Stroke The Hedgehog	JP7943-PPSA10293_00-1851859920830216	JP	JP7943
PPSA10296_00	10005939	Stroke The Snake	JP7943-PPSA10296_00-1719837064725884	JP	JP7943
PPSA10299_00	10005984	Stroke The Hamster	JP7943-PPSA10299_00-1485453851071736	JP	JP7943
PPSA10301_00	10006069	Stroke The Dog	JP7943-PPSA10301_00-1693892579683107	JP	JP7943
PPSA10303_00	10006121	Stroke The Cat	JP7943-PPSA10303_00-5894371901463653	JP	JP7943
PPSA10311_00	10006143	Stroke The Parrot	JP7943-PPSA10311_00-6567676796996904	JP	JP7943
PPSA10314_00	10006144	Stroke The Rabbit	JP7943-PPSA10314_00-0048689553320337	JP	JP7943
PPSA10317_00	10006145	Stroke The Fish	JP7943-PPSA10317_00-0680595646238906	JP	JP7943
PPSA10321_00	10006181	Weeping Willow	JP1932-PPSA10321_00-SYPS5WEEPINGWILL	JP	JP1932
PPSA10325_00	10006182	The Pong P	JP7309-PPSA10325_00-0283308719513224	JP	JP7309
PPSA10332_00	10006146	Stroke The Tortoise	JP7943-PPSA10332_00-4272674820408073	JP	JP7943
PPSA10335_00	10006147	Stroke The Spider	JP7943-PPSA10335_00-3374292880229477	JP	JP7943
PPSA10345_00	10006188	The Jumping Wrap	JP6595-PPSA10345_00-3556437305666011	JP	JP6595
PPSA10349_00	10006189	The Jumping Wrap: TURBO	JP6595-PPSA10349_00-6179763957867817	JP	JP6595
PPSA10353_00	10006190	The Jumping Bagel	JP6595-PPSA10353_00-0791698205908788	JP	JP6595
PPSA10357_00	10006191	The Jumping Bagel: TURBO	JP6595-PPSA10357_00-7749393783204097	JP	JP6595
PPSA10361_00	10006192	The Jumping Burger - Halloween Edition	JP6595-PPSA10361_00-2540746472768527	JP	JP6595
PPSA10365_00	10006193	The Jumping Burger - Halloween Edition: TURBO	JP6595-PPSA10365_00-9902707833077090	JP	JP6595
PPSA10369_00	10006194	The Jumping Pumpkin - Halloween Edition	JP6595-PPSA10369_00-0451301534212937	JP	JP6595
PPSA10373_00	10006195	The Jumping Pumpkin - Halloween Edition: TURBO	JP6595-PPSA10373_00-5302488287661657	JP	JP6595
PPSA10376_00	10005239	Shipwreck Escape	JP1681-PPSA10376_00-2249830637003027	JP	JP1681
PPSA10388_00	10006200	Classic Journey	JP7958-PPSA10388_00-5442369597807191	JP	JP7958
PPSA10392_00	10006201	Race Journey	JP7958-PPSA10392_00-2151181517919682	JP	JP7958
PPSA10396_00	10006202	Classic Journey Nitro	JP7958-PPSA10396_00-5449508536403005	JP	JP7958
PPSA10400_00	10006203	Race Journey Nitro	JP7958-PPSA10400_00-6206830519098263	JP	JP7958
PPSA10411_00	204794	ウィッチャー３　ワイルドハント	JP3522-PPSA10411_00-00000000000000N3	JP	JP3522
PPSA10418_00	10006213	Driverio	JP7649-PPSA10418_00-8026497290336227	JP	JP7649
PPSA10423_00	10006214	Pretty Bird 7	JP7649-PPSA10423_00-6688027657574971	JP	JP7649
PPSA10427_00	10006215	Pretty Bird 8	JP7649-PPSA10427_00-3563820678265643	JP	JP7649
PPSA10449_00	10003036	Soulstice Artbook & OST	JP1561-PPSA10449_00-SOULSTICEDABST01	JP	JP1561
PPSA10451_00	10004267	No More Heroes 3 デジタルサウンドトラック&アートブック	JP0507-PPSA10451_00-ARTBOOKPS5000000	JP	JP0507
PPSA10474_00	10004103	Mr. Hibbl	JP6595-PPSA10474_00-2999127103787387	JP	JP6595
PPSA10478_00	10006231	Quiz Thiz Germany	JP6595-PPSA10478_00-5311764240656607	JP	JP6595
PPSA10482_00	10006232	Quiz Thiz Germany: Bronze Edition	JP6595-PPSA10482_00-3551777364765072	JP	JP6595
PPSA10486_00	10006233	Quiz Thiz Germany: Silver Edition	JP6595-PPSA10486_00-7583564356498356	JP	JP6595
PPSA10490_00	10006234	Quiz Thiz Germany: Gold Edition	JP6595-PPSA10490_00-4855350525638025	JP	JP6595
PPSA10494_00	10006235	Quiz Thiz USA	JP6595-PPSA10494_00-5439273820305492	JP	JP6595
PPSA10498_00	10006236	Quiz Thiz USA: Bronze Edition	JP6595-PPSA10498_00-0787742424054425	JP	JP6595
PPSA10506_00	10006238	Quiz Thiz USA: Gold Edition	JP6595-PPSA10506_00-0134297063664399	JP	JP6595
PPSA10514_00	10005997	アルファディア ネオ	JP0013-PPSA10514_00-JP0ALPHANEO00PS5	JP	JP0013
PPSA10535_00	10006247	Quiz Thiz United Kingdom	JP6595-PPSA10535_00-5569604446703789	JP	JP6595
PPSA10539_00	10006248	Quiz Thiz United Kingdom: Bronze Edition	JP6595-PPSA10539_00-6003430875021636	JP	JP6595
PPSA10543_00	10006249	Quiz Thiz United Kingdom: Silver Edition	JP6595-PPSA10543_00-4359920709688136	JP	JP6595
PPSA10547_00	10006250	Quiz Thiz United Kingdom: Gold Edition	JP6595-PPSA10547_00-3059441955975610	JP	JP6595
PPSA10559_00	10006253	The Jumping Quesadilla	JP6595-PPSA10559_00-3245320139849477	JP	JP6595
PPSA10563_00	10006254	The Jumping Quesadilla: TURBO	JP6595-PPSA10563_00-8548282335496269	JP	JP6595
PPSA10568_00	10006255	The Jumping Tofu	JP6595-PPSA10568_00-9701094455243046	JP	JP6595
PPSA10571_00	10006256	The Jumping Tofu: TURBO	JP6595-PPSA10571_00-1762007398975005	JP	JP6595
PPSA10575_00	10006257	The Jumping Choco Santa	JP6595-PPSA10575_00-2820856087902921	JP	JP6595
PPSA10579_00	10006258	The Jumping Choco Santa: TURBO	JP6595-PPSA10579_00-5103544907998678	JP	JP6595
PPSA10605_00	10006274	Driverio 2	JP7649-PPSA10605_00-8779854862150325	JP	JP7649
PPSA10617_00	10005762	溶鉄のマルフーシャ	JP0122-PPSA10617_00-00000000MARFUSHA	JP	JP0122
PPSA10626_00	10006281	Driverio 3	JP7649-PPSA10626_00-1514060274343953	JP	JP7649
PPSA10638_00	10006287	Unicorn Fun	JP0089-PPSA10638_00-8831825413731356	JP	JP0089
PPSA10667_00	10005340	Astronite	JP0078-PPSA10667_00-ASTRONITE0000000	JP	JP0078
PPSA10699_00	10004444	Trifox	JP0078-PPSA10699_00-TRIFOX0000000000	JP	JP0078
PPSA10706_00	10006327	The Football Quiz	JP7309-PPSA10706_00-6749967447339549	JP	JP7309
PPSA10710_00	10006328	The Bat Quiz	JP7309-PPSA10710_00-3494635774206289	JP	JP7309
PPSA10714_00	10006329	The Monkey P	JP7309-PPSA10714_00-0176406506870707	JP	JP7309
PPSA10729_00	10005998	笑顔の錬金術師	JP0013-PPSA10729_00-JP0SMILEA0000PS5	JP	JP0013
PPSA10745_00	10006339	The Jumping Gingerbread	JP6595-PPSA10745_00-0997548455670893	JP	JP6595
PPSA10749_00	10006340	The Jumping Gingerbread: TURBO	JP6595-PPSA10749_00-1157521396067808	JP	JP6595
PPSA10753_00	10006341	Quiz Thiz France	JP6595-PPSA10753_00-1948899522190377	JP	JP6595
PPSA10757_00	10006342	Quiz Thiz France: Bronze Editon	JP6595-PPSA10757_00-1160441686329047	JP	JP6595
PPSA10761_00	10006343	Quiz Thiz France: Silver Editon	JP6595-PPSA10761_00-8402301319849548	JP	JP6595
PPSA10765_00	10006344	Quiz Thiz France: Gold Editon	JP6595-PPSA10765_00-0093465288081415	JP	JP6595
PPSA10770_00	10006346	Caravan Journey	JP7958-PPSA10770_00-2033699142686293	JP	JP7958
PPSA10774_00	10006347	Speed Journey	JP7958-PPSA10774_00-6195446517856626	JP	JP7958
PPSA10778_00	10006348	Caravan Journey Nitro	JP7958-PPSA10778_00-4061667185896966	JP	JP7958
PPSA10782_00	10006349	Speed Journey Nitro	JP7958-PPSA10782_00-1019094525573409	JP	JP7958
PPSA10792_00	10006352	Christmas Run 2	JP0089-PPSA10792_00-8837605581079659	JP	JP0089
PPSA10797_00	10003828	Finger Fitness	JP4731-PPSA10797_00-4337757104485922	JP	JP4731
PPSA10803_00	10005455	キャノンダンサー　- Osman	JP5849-PPSA10803_00-CANNONDANCERP5JP	JP	JP5849
PPSA10804_00	10005126	オクトパストラベラー II Prologue Demo		JP	JP0082
PPSA10812_00	10006357	The Golf G	JP7309-PPSA10812_00-8913644646351055	JP	JP7309
PPSA10814_00	10004451	ノーロンガーホーム	JP1620-PPSA10814_00-NOLONGERHOME0001	JP	JP1620
PPSA10831_00	10005010	モスメン 1966	JP0211-PPSA10831_00-7317232194139938	JP	JP0211
PPSA10835_00	10006363	The Iron Age	JP7309-PPSA10835_00-6850733472135542	JP	JP7309
PPSA10839_00	10006364	The Cricket C	JP7309-PPSA10839_00-3190287512285443	JP	JP7309
PPSA10843_00	10006365	The Dino R	JP7309-PPSA10843_00-7405921514364264	JP	JP7309
PPSA10847_00	10006366	The Dog Quiz	JP7309-PPSA10847_00-5672630538453762	JP	JP7309
PPSA10851_00	10006367	The Squash P	JP7309-PPSA10851_00-1041068187448728	JP	JP7309
PPSA10855_00	10006368	The Snow Story	JP7309-PPSA10855_00-2210679024237023	JP	JP7309
PPSA10859_00	10006369	The Wood Story	JP7309-PPSA10859_00-6098349041570614	JP	JP7309
PPSA10864_00	10006350	WHAT THE BAT?	JP5411-PPSA10864_00-WHATTHEBAT000001	JP	JP5411
PPSA10880_00	10006383	Rocketio	JP7649-PPSA10880_00-8709204986199928	JP	JP7649
PPSA10884_00	10006384	Mermaidio	JP7649-PPSA10884_00-4361712746115147	JP	JP7649
PPSA10897_00	10006386	Truck Journey	JP7958-PPSA10897_00-7146239778678916	JP	JP7958
PPSA10902_00	10006387	Truck Journey Nitro	JP7958-PPSA10902_00-3210493671678547	JP	JP7958
PPSA10905_00	10006379	マリーのアトリエ Remake ～ザールブルグの錬金術士～		JP	JP0106
PPSA10920_00	10006393	The Jumping Cookie	JP6595-PPSA10920_00-1503022579828572	JP	JP6595
PPSA10925_00	10006394	The Jumping Cookie: TURBO	JP6595-PPSA10925_00-6581964491398713	JP	JP6595
PPSA10929_00	10006395	Quiz Thiz Italy	JP6595-PPSA10929_00-4658930134882553	JP	JP6595
PPSA10933_00	10006396	Quiz Thiz Italy: Bronze Edition	JP6595-PPSA10933_00-7870103798004284	JP	JP6595
PPSA10937_00	10006397	Quiz Thiz Italy: Silver Edition	JP6595-PPSA10937_00-6681986103061512	JP	JP6595
PPSA10941_00	10006398	Quiz Thiz Italy: Gold Edition	JP6595-PPSA10941_00-5604110900403039	JP	JP6595
PPSA10951_00	10006405	The Rex T	JP7309-PPSA10951_00-0300060131148638	JP	JP7309
PPSA10955_00	10006406	Cat Break	JP0089-PPSA10955_00-2057039025058731	JP	JP0089
PPSA11015_00	10006441	Tractor Journey	JP7958-PPSA11015_00-5155153092040188	JP	JP7958
PPSA11019_00	10006442	Tractor Journey Nitro	JP7958-PPSA11019_00-3388972853493901	JP	JP7958
PPSA11038_00	10003872	Warlander	JP0108-PPSA11038_00-0000000000000000	JP	JP0108
PPSA11042_00	10005894	Halloween Pinball	JP5432-PPSA11042_00-5503939349029976	JP	JP5432
PPSA11043_00	10005810	Werewolf Pinball	JP5432-PPSA11043_00-6287358297983642	JP	JP5432
PPSA11044_00	10005279	Basketball Pinball	JP5432-PPSA11044_00-4928503980809841	JP	JP5432
PPSA11045_00	10005376	Jurassic Pinball	JP5432-PPSA11045_00-4490524864486987	JP	JP5432
PPSA11046_00	10004908	Pirates Pinball	JP5432-PPSA11046_00-7747836680451432	JP	JP5432
PPSA11053_00	10005626	World Soccer Pinball	JP5432-PPSA11053_00-0781273966214245	JP	JP5432
PPSA11066_00	10006456	Cario	JP7649-PPSA11066_00-3225874114936522	JP	JP7649
PPSA11076_00	10004960	Melon Journey	JP5134-PPSA11076_00-MELONJOURNEY2JPN	JP	JP5134
PPSA11079_00	10006465	Ed-0: Zombie Uprising		JP	JP0367
PPSA11088_00	10006449	The Jumping Muffin	JP6595-PPSA11088_00-3928655948618538	JP	JP6595
PPSA11092_00	10006450	The Jumping Muffin: TURBO	JP6595-PPSA11092_00-5809598321157201	JP	JP6595
PPSA11096_00	10006473	Quiz Thiz Austria	JP6595-PPSA11096_00-9876897317359226	JP	JP6595
PPSA11100_00	10006474	Quiz Thiz Austria: Bronze Edition	JP6595-PPSA11100_00-5933362158016307	JP	JP6595
PPSA11104_00	10006475	Quiz Thiz Austria: Silver Edition	JP6595-PPSA11104_00-0825913804983911	JP	JP6595
PPSA11109_00	10006476	Quiz Thiz Austria: Gold Edition	JP6595-PPSA11109_00-4116823581478728	JP	JP6595
PPSA11113_00	10006477	Stroke The Cow	JP7943-PPSA11113_00-2968004296210742	JP	JP7943
PPSA11119_00	10006479	Stroke The Horse	JP7943-PPSA11119_00-5330945043886992	JP	JP7943
PPSA11123_00	10006480	Stroke The Koala	JP7943-PPSA11123_00-7152250829649913	JP	JP7943
PPSA11133_00	10006482	ピポサルアカデミ~ア2 -あいあいサルゲ~ジャンケンバトル!-	JP9000-PPSA11133_00-UCJS100200000000	JP	JP9000
PPSA11139_00	10006483	ブレイドダンサー 千年の約束	JP9000-PPSA11139_00-UCJS100210000000	JP	JP9000
PPSA11147_00	10005479	Shark Pinball	JP5432-PPSA11147_00-7577591820024984	JP	JP5432
PPSA11148_00	10004803	Titans Pinball	JP5432-PPSA11148_00-9842953223378362	JP	JP5432
PPSA11157_00	10006491	Monster Truck Journey	JP7958-PPSA11157_00-3686664239116728	JP	JP7958
PPSA11161_00	10006492	Monster Truck Journey Nitro	JP7958-PPSA11161_00-0581765694513696	JP	JP7958
PPSA11177_00	10006496	The Zebra Z	JP7309-PPSA11177_00-6903948842823939	JP	JP7309
PPSA11181_00	10006497	The Elephant E	JP7309-PPSA11181_00-3740792989030477	JP	JP7309
PPSA11185_00	10006498	The Pig D Deluxe Editiom	JP7309-PPSA11185_00-9794163242621354	JP	JP7309
PPSA11189_00	10006499	The Spidy Quiz	JP7309-PPSA11189_00-1073553875154871	JP	JP7309
PPSA11192_00	10006276	パースートフォース ～大追跡～	JP9000-PPSA11192_00-ULJM050970000000	JP	JP9000
PPSA11198_00	10004843	Kizuna AI - Touch the Beat!	JP1970-PPSA11198_00-KATTB00000000000	JP	JP1970
PPSA11205_00	10006508	The Jumping Onigiri	JP6595-PPSA11205_00-0685244874283181	JP	JP6595
PPSA11209_00	10006509	The Jumping Onigiri: TURBO	JP6595-PPSA11209_00-6390772710844161	JP	JP6595
PPSA11213_00	10006510	Quiz Thiz Spain	JP6595-PPSA11213_00-8699356967706520	JP	JP6595
PPSA11217_00	10006511	Quiz Thiz Spain: Bronze Edition	JP6595-PPSA11217_00-9949081716498928	JP	JP6595
PPSA11221_00	10006512	Quiz Thiz Spain: Silver Edition	JP6595-PPSA11221_00-9923576131941434	JP	JP6595
PPSA11225_00	10006513	Quiz Thiz Spain: Gold Edition	JP6595-PPSA11225_00-7254811578058862	JP	JP6595
PPSA11231_00	10006514	Quiz Thiz Croatia	JP6595-PPSA11231_00-1126982513974210	JP	JP6595
PPSA11235_00	10006515	Quiz Thiz Croatia: Bronze Edition	JP6595-PPSA11235_00-8456565075295035	JP	JP6595
PPSA11249_00	10006519	The Jumping Salad	JP6595-PPSA11249_00-2925427960318742	JP	JP6595
PPSA11253_00	10006520	The Jumping Salad: TURBO	JP6595-PPSA11253_00-5538040708619740	JP	JP6595
PPSA11257_00	10006522	The Jumping Chocolate	JP6595-PPSA11257_00-5655040772722586	JP	JP6595
PPSA11261_00	10006523	The Jumping Chocolate: TURBO	JP6595-PPSA11261_00-6825411953753562	JP	JP6595
PPSA11273_00	10006528	Rocketio 2	JP7649-PPSA11273_00-0146820960583811	JP	JP7649
PPSA11277_00	10006529	Mermaidio 2	JP7649-PPSA11277_00-3890854532638861	JP	JP7649
PPSA11281_00	10006530	Cario 2	JP7649-PPSA11281_00-1261987338457777	JP	JP7649
PPSA11285_00	10006532	Rocketio 3	JP7649-PPSA11285_00-4086435950007974	JP	JP7649
PPSA11289_00	10006533	Mermaidio 3	JP7649-PPSA11289_00-0215140679802807	JP	JP7649
PPSA11319_00	10006539	Beveron	JP7649-PPSA11319_00-4005177860746969	JP	JP7649
PPSA11336_00	10006546	Find the Bug	JP7309-PPSA11336_00-7229628758510509	JP	JP7309
PPSA11340_00	10006548	Row of numbers	JP7309-PPSA11340_00-4077190821892655	JP	JP7309
PPSA11344_00	10006549	Guess the animal	JP7309-PPSA11344_00-4179816313701998	JP	JP7309
PPSA11353_00	10006551	Loopy Ball	JP7309-PPSA11353_00-9256425997481366	JP	JP7309
PPSA11371_00	10006556	Learn the letters	JP7309-PPSA11371_00-1317346903233511	JP	JP7309
PPSA11410_00	233226	Warhammer: Chaosbane - Slayer Edition	JP0075-PPSA11410_00-WHCB000000000000	JP	JP0075
PPSA11411_00	10006208	勇者よ急げ！Brave's Rage	JP7769-PPSA11411_00-BRJPSTPS50000000	JP	JP7769
PPSA11417_00	10001404	Syberia - The World Before	JP6398-PPSA11417_00-SYBTWBPS500000JP	JP	JP6398
PPSA11659_00	10006658	Panic House	JP7309-PPSA11659_00-2799306642805443	JP	JP7309
